time,ice_sheet,erupt_rate,CO2_flux,Nb,
119.976101591943,0,2.18957483083861,8.223864960696867,8.036147758971129
119.8807707123951,0,2.282137234965468,8.578067236561102,8.04219863552386
119.7854389632321,0,2.354811338591519,8.858254162151068,8.04848822972259
119.6901064321473,0,2.409068180786556,9.069751545612855,8.054964635648181
119.594772897135,0,2.4484594422936,9.225735662510251,8.061583683424148
119.4994388091254,0,2.476864901677587,9.340665384128313,8.068310829315397
119.4041038813039,0,2.497606537726155,9.426948004724695,8.075120328139569
119.308768425888,0,2.513189939223645,9.493954384643434,8.081993189284944
119.2134323904384,0,2.525359923737686,9.548215695848949,8.088915320491319
119.1180956916342,0,2.535265915208749,9.594035986191102,8.095875989115978
119.0227585974035,0,2.543634251986258,9.63413429295022,8.102866787189566
118.92742078213,0,2.550908855237959,9.670170544830503,8.109881106451674
118.8320826702939,0,2.557353808287937,9.703129741185048,8.116913736052828
118.7367440912722,0,2.563124019497156,9.733587431333573,8.12396090118899
118.6414050856629,0,2.568312359609397,9.761887144202667,8.131020293425674
118.5460657715194,0,2.572979609638872,9.788253580932992,8.138091289397396
118.450725870498,0,2.577172203507183,9.812860010761067,8.14517523532702
118.3553857868774,0,2.580931398756133,9.835863085872161,8.15227551592012
118.2600452818715,0,2.584296711655973,9.857416186855906,8.159397810582458
118.1647045185491,0,2.587305924868449,9.877669507074044,8.166550151504664
118.069363487989,0,2.589993453362249,9.896763967160089,8.173743068376563
117.9740220509348,0,2.592388155807789,9.91482278966726,8.180989583468767
117.8786804602969,0,2.594511623594522,9.931944412716723,8.18830484260538
117.7833384401993,0,2.596378167961189,9.948201879985609,8.195705768842814
117.6879962827534,0,2.597995864674669,9.9636462868227,8.203210716781539
117.5926538689901,0,2.599369215956263,9.978316518375891,8.210839179352886
117.4973111860409,0,2.600503875308166,9.99225648209298,8.218611100846328
117.4019683550514,0,2.601409883080903,10.00552637229161,8.226545913859511
117.3066250783359,0,2.602103502866953,10.01820774264082,8.234660852183335
117.2112817439438,0,2.602610024655734,10.0304141654959,8.242970792576106
117.1159381454372,0,2.602959830881708,10.04227580053269,8.251487881186252
117.0205944234885,0,2.603183911973578,10.05392024933679,8.260219947123966
116.9252505370878,0,2.603317046162128,10.06548262742888,8.26916866895826
116.829906136616,0,2.603389322253535,10.07707054831137,8.27832770170491
116.7345605488545,0,2.603416710233971,10.08872543222782,8.287680996501466
116.6392149260919,0,2.603409029644724,10.1004610308871,8.297209351395347
116.5438688085442,0,2.603371118826106,10.1122615806173,8.306885102282349
116.4485212890568,0,2.603281123731401,10.12399368266369,8.316669271471987
116.3531710177676,0,2.603119065476798,10.13551690812252,8.32651160002826
116.2578163122726,0,2.602871703456401,10.14670538431867,8.336352665953427
116.1624553469301,0,2.602535404009588,10.15746701208458,8.346130506305494
116.0670863584819,0,2.602115956034937,10.16775791874754,8.355791887254286
115.9717078081012,0,2.601625921484137,10.17753833020732,8.365265481141041
115.8763184697782,0,2.60108104277968,10.18677468294685,8.374474795836999
115.7809174477752,0,2.600497106767717,10.19544029664386,8.38334858705746
115.6855041452454,0,2.599887959374817,10.20351749953112,8.391828883943377
115.5900782096505,0,2.599264685090113,10.2110024371695,8.399877567322635
115.4946394744675,0,2.59863560161361,10.2178771942534,8.407452239862517
115.3991879077821,0,2.598006654859368,10.22406843699672,8.414474791427242
115.3037235709662,0,2.597381897266838,10.22954885384185,8.420910227659149
115.2082465861704,0,2.596763873914107,10.23432592537514,8.426756420604297
115.112757109584,0,2.59615386143375,10.2384319572109,8.432035343066664
115.0172553075827,0,2.595551981973649,10.24191644635017,8.436786595767597
114.9217413339493,0,2.594957249092761,10.2446484798731,8.440902978390298
114.8262153076348,0,2.594367605197258,10.24666710102609,8.444426482836015
114.7306772916027,0,2.593779994727293,10.24805372347453,8.447432385915516
114.635127273893,0,2.593190496506894,10.24886475335181,8.449978498747106
114.539565152254,0,2.592594521055517,10.24913239815458,8.452105157331269
114.4439907236283,0,2.591987067444457,10.24886519937485,8.453834796580866
114.3484036795971,0,2.591363028170462,10.24804849751947,8.455171314277496
114.2528036085532,0,2.590717526070928,10.24664508449436,8.45609948368292
114.1571900050185,0,2.590046261614738,10.24459631553402,8.456584706263593
114.0615622859814,0,2.589345841511562,10.241825611215,8.456583078561245
113.9659198133959,0,2.588614052912823,10.23880507648767,8.456477475853617
113.8702619212472,0,2.587850045641134,10.23542490378375,8.456180592430961
113.7745879448139,0,2.587054391410939,10.23155027742009,8.455579977088325
113.6788972493241,0,2.586229004629871,10.22702056200593,8.454537595162641
113.5831892551487,0,2.585376931121679,10.22165105201169,8.45289190656012
113.487463457127,0,2.584502033240951,10.21523767042339,8.450462690492991
113.3917194364449,0,2.583608616180606,10.20756461724692,8.447058479544735
113.2959568645456,0,2.582701046686228,10.19841450853618,8.44248606870951
113.2001754995872,0,2.581783411207376,10.18758012162799,8.43656122946852
113.1043751767747,0,2.580859248262324,10.17487657379599,8.429119559850447
113.0085557944076,0,2.57993137375399,10.16015267404104,8.420026378363662
112.9127172976496,0,2.579001802427257,10.14330031178972,8.409184718366932
112.8168596618998,0,2.578071756585581,10.12426104101505,8.396540757481796
112.7209828773657,0,2.577141745819405,10.10302940966495,8.382086359811861
112.6250869360347,0,2.576211698562516,10.07965298970058,8.365858750308121
112.5291718218687,0,2.57528112660183,10.05422941294041,8.347937627173335
112.4332375046424,0,2.574349305761896,10.0269009683055,8.328440217997899
112.3372839375897,0,2.573415458596605,9.997847451253335,8.307514889150323
112.2413110587286,0,2.57247892720662,9.967277983948557,8.285333934532522
112.1453187955185,0,2.571539325914452,9.935422467957522,8.262086118824241
112.0493070723269,0,2.570596664556904,9.902523219372929,8.237969455532117
111.9532758199794,0,2.569651433994349,9.868827198316701,8.213184584124772
111.8572249865119,0,2.568704646634913,9.834579105014507,8.187928991609338
111.7611545481086,0,2.567757826847189,9.80001549048591,8.162392214948685
111.6650645191585,0,2.566812949400063,9.765359931437457,8.136752069274246
111.5689549603439,0,2.565872328487665,9.730819249602108,8.111171876056662
111.4728259838266,0,2.564938465024418,9.696580713592821,8.085798615201321
111.3766777548008,0,2.564013864923905,9.662810140713905,8.060761893362351
111.2805104890194,0,2.563100845019502,9.629650809704978,8.03617360449503
111.1843244462843,0,2.562201345247849,9.597223095777348,8.012128154340797
111.0881199202686,0,2.561316765168216,9.565624740876999,7.98870312484872
110.99189722541,0,2.560447839854276,9.534931671771968,7.965960264576029
110.8956566818333,0,2.55959456526115,9.505199275876745,7.943946704494939
110.7993985994399,0,2.558756177335482,9.476464041260684,7.922696313521632
110.7031232622667,0,2.557931183509566,9.448745465464514,7.902231123134324
110.6068309141438,0,2.557117440716902,9.422048139653054,7.882562764748807
110.5105217465307,0,2.55631227118245,9.396363921151982,7.863693876507655
110.4141958891651,0,2.555512605982846,9.371674117964803,7.84561944751665
110.3178534039807,0,2.554715146341249,9.347951621666102,7.828328077227643
110.2214942825367,0,2.553916533209242,9.325162937826409,7.811803135653136
110.1251184470157,0,2.553113516309625,9.303270073832268,7.796023816521773
110.0287257546606,0,2.552303114110464,9.282232251560062,7.780966080510905
109.9323160053673,0,2.551482756154915,9.262007417071485,7.766603489507957
109.8358889519286,0,2.550650399101311,9.242553522764458,7.752907935643448
109.7394443122912,0,2.549804608261934,9.22382956139287,7.739850270782211
109.6429817829858,0,2.548944597891391,9.205796338148273,7.727400843416241
109.5465010528123,0,2.548070226257045,9.188416977770121,7.715529950614854
109.4500018158069,0,2.547181945517415,9.171657178144859,7.704208212980069
109.3534837825873,0,2.54628071110733,9.155485238259192,7.69340688053197
109.2569466893392,0,2.54536785985193,9.139871903827087,7.683098077197065
109.1603903039422,0,2.544444969519182,9.124790085369785,7.673254991163951
109.063814429036,0,2.543513714291874,9.110214508697196,7.663852017863357
108.9672189021512,0,2.542575730405837,9.096121355729327,7.654864861770136
108.8706035932764,0,2.541632504115124,9.082487945064269,7.646270602653133
108.7739684004764,0,2.540685290715493,9.069292488534423,7.638047731335186
108.6714077415754,1.99796126401631,2.540011033237761,9.066885642515166,7.638047731335186
108.5694212403923,1.99796126401631,2.539897028603454,9.066478688778174,7.638047731335186
108.4679459876215,1.99796126401631,2.539806924155259,9.066157049731345,7.638047731335186
108.3669306953352,1.99796126401631,2.539724557502656,9.065863031709322,7.638047731335186
108.2663274702736,1.99796126401631,2.539640910779128,9.065564444314751,7.638047731335186
108.1660955385805,1.99796126401631,2.539549504527729,9.065238158319296,7.638047731335186
108.066199721773,1.99796126401631,2.539444408366687,9.064863004486824,7.638047731335186
107.9666072822347,1.99796126401631,2.539319341458688,9.064416562586514,7.638047731335186
107.8672884855914,1.99796126401631,2.539167261716112,9.063772286192023,7.637962683853194
107.7682162454212,1.99796126401631,2.538980261965044,9.062811522076149,7.637716723443398
107.6693658284403,1.99796126401631,2.538749743018487,9.061496734436359,7.637304061464271
107.5707146028835,1.99796126401631,2.538466876276148,9.059779762170571,7.636710658892218
107.4722418260744,1.99796126401631,2.538123342639417,9.057607189759517,7.635916505633556
107.3739284714966,1.99796126401631,2.537712267283171,9.054926235125059,7.634897746983048
107.2757570949552,1.99796126401631,2.537229187983114,9.051690761448084,7.633628815838371
107.1777117357242,1.99796126401631,2.536672836874637,9.047866668317356,7.632084608125515
107.0797778439919,1.99796126401631,2.536045519876487,9.043435815174714,7.630242639679931
106.9819422223654,1.99796126401631,2.535352960593545,9.038397846247612,7.628085055555468
106.884192968394,1.99796126401631,2.53460361504303,9.032769752328885,7.62560033381327
106.7865194075794,1.99796126401631,2.533807607525138,9.026583533124306,7.6227845357975
106.688912011271,1.99796126401631,2.532975529665073,9.01988270330367,7.619641997338457
106.5913622995431,1.99796126401631,2.532117353408812,9.012718491357465,7.61618541813604
106.4938627337833,1.99796126401631,2.531241642848779,9.005146425089805,7.612435375011696
106.3964066061872,1.99796126401631,2.530355145807232,8.997223696188952,7.608419345019711
106.2989879335246,1.99796126401631,2.529462745950216,8.989007387369776,7.604170366778836
106.2016013610109,1.99796126401631,2.528567687841003,8.980553424340467,7.599725488406742
106.1042420797103,1.99796126401631,2.527671958858532,8.971916011195967,7.595124148865891
106.0069057584706,1.99796126401631,2.526776716477404,8.963147302528485,7.590406620876903
105.9095884893741,1.99796126401631,2.525882674124913,8.954297119669159,7.585612614197181
105.8122867443872,1.99796126401631,2.524990391480523,8.945412595757382,7.580780104469515
105.7149973402802,1.99796126401631,2.524100446970338,8.936537709878992,7.575944420378182
105.6177174088853,1.99796126401631,2.523213496192351,8.927712730244014,7.571137594154991
105.5204443701541,1.99796126401631,2.52233023764922,8.918973623906465,7.566387959429802
105.4231759061831,1.99796126401631,2.521451316125967,8.910351505309137,7.561719966418619
105.3259099350444,1.99796126401631,2.52057719576476,8.901872192531727,7.5571541768596
105.2286445839954,1.99796126401631,2.519708032019841,8.893555926636335,7.552707398756277
105.1313781621784,1.99796126401631,2.518843567112287,8.885417294700492,7.548392922397159
105.034109133423,1.99796126401631,2.517983069320385,8.877465386490249,7.544220823041583
104.9368360901753,1.99796126401631,2.517125332779345,8.869704208012024,7.540198301010216
104.8395577298643,1.99796126401631,2.516268750197474,8.862133366962745,7.536330035737541
104.7422728352685,1.99796126401631,2.515411463968104,8.854749027394051,7.532618535983202
104.6449802604102,1.99796126401631,2.514551589725192,8.847545096847631,7.529064473474073
104.5476789231843,1.99796126401631,2.51368748987241,8.840514556239647,7.525666991601027
104.4503678052042,1.99796126401631,2.512818054640961,8.833650777642557,7.522423984042955
104.3530459581352,1.99796126401631,2.51194292935955,8.826948612856247,7.519332341437055
104.2557125142766,1.99796126401631,2.511062616221082,8.82040500204651,7.516388166395484
104.1583666976139,1.99796126401631,2.510178380817401,8.814018860769487,7.513586958437792
104.0610078301588,1.99796126401631,2.509291955256532,8.807790221084677,7.510923771131187
103.9636353306532,1.99796126401631,2.508405049872103,8.801718673341439,7.50839334409535
103.8662486989761,1.99796126401631,2.507518583293316,8.795800796985175,7.505990212561511
103.7688474811939,1.99796126401631,2.506631839873102,8.790027319827335,7.503708797808244
103.6714312204222,1.99796126401631,2.505741814350604,8.784380919264395,7.501543482341833
103.5739993949583,1.99796126401631,2.504842652859516,8.778834347012952,7.499488671954321
103.4765513466973,1.99796126401631,2.50392524617991,8.773349074266045,7.497538846235681
103.3790862033948,1.99796126401631,2.502976990691596,8.767874512445525,7.495688599120362
103.281602798239,1.99796126401631,2.501981713836992,8.762347799199809,7.493932671072793
103.1840995901694,1.99796126401631,2.500919770993665,8.756694181309362,7.492265974781906
103.0865745889005,1.99796126401631,2.499768351863899,8.75082812093809,7.490683620109027
102.9890252899741,1.99796126401631,2.498502067105356,8.744655371619858,7.489180933151333
102.8914486270141,1.99796126401631,2.497093894568908,8.738076302869267,7.487753469007312
102.7938409498302,1.99796126401631,2.495516528210641,8.730990625576553,7.486397019814423
102.6961980369661,1.99796126401631,2.493744086728491,8.723303368862474,7.485107620002481
102.5985151488603,1.99796126401631,2.491754022472173,8.714931562328914,7.483881550199194
102.5007871226826,1.99796126401631,2.489528964824754,8.70581066551933,7.482715351180372
102.4030085032337,1.99796126401631,2.487058182828888,8.695899652975118,7.481605819130543
102.3051736976158,1.99796126401631,2.484338389860007,8.68518379826174,7.480549994641279
102.2072771368075,1.99796126401631,2.481373735509934,8.67367462150917,7.479545153465684
102.1093134262228,1.99796126401631,2.478174998670942,8.661407051144682,7.478588801260033
102.0112774699128,1.99796126401631,2.474758155537899,8.648434418205072,7.477678671361
101.9131645584921,1.99796126401631,2.471142598846432,8.634822190127839,7.476812734766199
101.8149704173929,1.99796126401631,2.467349308484035,8.620641534707314,7.475989162394594
101.716691218041,1.99796126401631,2.463399226952269,8.605963638449504,7.475206292171217
101.6183235588633,1.99796126401631,2.459312004173867,8.590855328381892,7.474462623305969
101.519864425205,1.99796126401631,2.455105177523658,8.575376212309804,7.4737568179058
101.4213111374538,1.99796126401631,2.45079376988717,8.559577270740974,7.473087698758516
101.3226612954741,1.99796126401631,2.446390233659801,8.543500575888332,7.472454239046703
101.2239127255116,1.99796126401631,2.44190464319119,8.527179888609307,7.471855471236961
101.1250634335302,1.99796126401631,2.437345036465143,8.510641951941663,7.47129043438639
101.0261115670155,1.99796126401631,2.432717820362182,8.493907924980833,7.470758251444127
100.9270553856677,1.99796126401631,2.428028174733048,8.476994763699054,7.470258139059318
100.8278932403518,1.99796126401631,2.423280412738801,8.45991642519115,7.469789377108476
100.72862355899,1.99796126401631,2.418478274759623,8.442684756865708,7.469351258879185
100.629244837849,1.99796126401631,2.413625148809904,8.425310127462366,7.468942953135895
100.5297556366404,1.99796126401631,2.408724221334485,8.407802512760407,7.468563434104913
100.4301545760636,1.99796126401631,2.403778568838735,8.390171562204598,7.468211926178466
100.3304403366637,1.99796126401631,2.39879120379475,8.372426599248453,7.467887685591683
100.2306116582113,1.99796126401631,2.393765088599688,8.354576578792544,7.467589861572783
100.13066733906,1.99796126401631,2.388703129957487,8.33663001817858,7.467317416157147
100.0306062352001,1.99796126401631,2.383608163708492,8.318594893211934,7.467069079429207
99.93042725892428,1.99796126401631,2.378482937464673,8.300480216010413,7.466843300391821
99.83012937709373,1.99796126401631,2.373330095853411,8.282294036819874,7.466639805109848
99.72971160914312,1.99796126401631,2.368152170987821,8.264043534608206,7.466457669411064
99.62917302493952,1.99796126401631,2.362951579081333,8.245735209828112,7.466295536339011
99.52851274263958,1.99796126401631,2.35773062292203,8.227375043725385,7.466151794664574
99.42772992666232,1.99796126401631,2.352491499167775,8.208969216415504,7.466024711258948
99.32682378588197,1.99796126401631,2.347236309035715,8.190525395716671,7.465913154394235
99.22579357208178,1.99796126401631,2.341967070849969,8.172048125546656,7.465817425621997
99.12463857871535,1.99796126401631,2.33668573299594,8.153542142601733,7.465735370025861
99.02335813993705,1.99796126401631,2.331394186037267,8.135012384514718,7.465665211439351
98.9219516299072,1.99796126401631,2.326094273024649,8.116464001224802,7.465605525521023
98.82041846228549,1.99796126401631,2.320787797320751,8.097902364187423,7.46555522098283
98.71875808987352,1.99796126401631,2.315476527549964,8.079333068721649,7.465513526253568
98.61697000431923,1.99796126401631,2.31016219953406,8.060761925536447,7.465479978540497
98.51505373581949,1.99796126401631,2.304846515281997,8.042194938384469,7.465454412121417
98.41300885275632,1.99796126401631,2.299531139259303,8.023638265910416,7.465436942877803
98.31083496118299,1.99796126401631,2.29421769227086,8.005098167074618,7.465427946622018
98.20853170413557,1.99796126401631,2.288907743357395,7.986572331845702,7.465427958383614
98.10609876069157,1.99796126401631,2.283602800139796,7.968067428025381,7.465429778004102
98.00353584476488,1.99796126401631,2.278304298057524,7.949590345217433,7.465434860880769
97.90084270359785,1.99796126401631,2.27301358894761,7.931147974325287,7.465444981258542
97.79801911593677,1.99796126401631,2.267731929406948,7.912747091809002,7.465462193003462
97.69506488989373,1.99796126401631,2.262460469376921,7.894394216956845,7.46548875873181
97.5919798604873,1.99796126401631,2.257200241386938,7.876095453477341,7.465527052968309
97.48876388689678,1.99796126401631,2.251952150889788,7.857856329134479,7.465579448735347
97.38541684943993,1.99796126401631,2.24671696811254,7.839681647545774,7.465648199177008
97.28193864633067,1.99796126401631,2.241495321826457,7.821575364683992,7.465735326099351
97.17832919025841,1.99796126401631,2.236287695403261,7.803540499535402,7.465842525763442
97.07458840485378,1.99796126401631,2.231094425469256,7.785579084469382,7.465971099393678
96.97071622109706,1.99796126401631,2.225915703392308,7.767692156885004,7.466121912350469
96.86671257377384,1.99796126401631,2.220751579740693,7.749879790195572,7.466295382444182
96.76257739801531,1.99796126401631,2.215601971741535,7.732141159544275,7.466491494957786
96.65831062603775,1.99796126401631,2.210466673645889,7.71447463593672,7.466709839893981
96.55391218413843,1.99796126401631,2.205345369785169,7.69687790167461,7.466949665842974
96.44938199002172,1.99796126401631,2.200237649987511,7.67934807991387,7.467209944587038
96.34471995051899,1.99796126401631,2.195143026920622,7.661881871642096,7.467489440927803
96.23992595974778,1.99796126401631,2.190060954846216,7.644475694170472,7.467786783019544
96.13499989775755,1.99796126401631,2.184990849215429,7.62712581619593,7.468100529507689
96.02994162966388,1.99796126401631,2.179932106507544,7.609828485486158,7.46842923083762
95.92475100529373,1.99796126401631,2.174884123716696,7.592580046192684,7.468771483095059
95.8194278593337,1.99796126401631,2.16984631692195,7.57537704366211,7.469125973594057
95.71397201193395,1.99796126401631,2.164818138431943,7.558216315373389,7.469491518108451
95.60838326976591,1.99796126401631,2.159799092071798,7.541095067277753,7.469867090143312
95.50266142745841,1.99796126401631,2.154788746271516,7.524010935362911,7.47025184297809
95.3968062693657,1.99796126401631,2.14978674471546,7.506962032713265,7.470645125407158
95.29081757161111,1.99796126401631,2.14479281441556,7.489946982701925,7.471046492184316
95.18469510432897,1.99796126401631,2.139806771170593,7.472964939235372,7.471455710173722
95.07843863405196,1.99796126401631,2.134828522465042,7.456015595183184,7.471872761145926
94.97204792616685,1.99796126401631,2.129858067939603,7.439099180268116,7.47229784205571
94.86552274738369,1.99796126401631,2.124895497628256,7.422216449769433,7.472731363514992
94.75886286816149,1.99796126401631,2.119940988202532,7.405368665409691,7.473173947041635
94.65206806504011,1.99796126401631,2.11499479749181,7.388557569756806,7.4736264215319
94.54513812283039,1.99796126401631,2.110057257560288,7.371785355386954,7.474089819275719
94.43807283662045,1.99796126401631,2.105128766618581,7.355054629927553,7.474565371712732
94.3308720135883,1.99796126401631,2.100209780033738,7.338368377944364,7.475054505014475
94.22353547457078,1.99796126401631,2.095300800678932,7.321729920464058,7.475558835475318
94.11606305537589,1.99796126401631,2.09040236883691,7.305142872746957,7.476080164602603
94.0084546078433,1.99796126401631,2.085515051842592,7.288611100756279,7.476620473716775
93.90071000061107,1.99796126401631,2.080639433623127,7.272138676623068,7.477181917807346
93.79282911961582,1.99796126401631,2.075776104270476,7.25572983329,7.477766818343153
93.68481186829467,1.99796126401631,2.070925649763752,7.239388918440445,7.478377654708594
93.57665816751341,1.99796126401631,2.066088641946995,7.223120347786041,7.479017053933846
93.46836795520449,1.99796126401631,2.061265628862505,7.206928557797249,7.479687778408508
93.35994118573399,1.99796126401631,2.056457125539796,7.19081795801435,7.480392711315003
93.25137782900492,1.99796126401631,2.051663605344097,7.174792883164283,7.481134839589565
93.14267786930759,1.99796126401631,2.04688549199443,7.15885754542259,7.48191723431196
93.03384130392806,1.99796126401631,2.042123152367701,7.143015987287956,7.482743028535893
92.92486814154836,1.99796126401631,2.037376890209889,7.127272035666556,7.483615392694276
92.81575840045207,1.99796126401631,2.032646940876569,7.111629257881806,7.484537507840359
92.70651210657161,1.99796126401631,2.027933467221188,7.096090920419983,7.485512537109184
92.59712929139732,1.99796126401631,2.023236556739714,7.080659951283132,7.486543595896299
92.4876099898047,1.99796126401631,2.01855622006398,7.065338906839683,7.487633721344773
92.37795423782336,1.99796126401631,2.013892390873397,7.050129944035737,7.488785841801102
92.26816207038974,1.99796126401631,2.009244927266241,7.035034798754434,7.490002746941093
92.15823351914423,1.99796126401631,2.004613614598439,7.020054770989244,7.491287059275492
92.04816861029394,1.99796126401631,1.999998169761235,7.005190717334949,7.492641207721565
91.93796736260174,1.99796126401631,1.995398246830844,6.990443051105112,7.494067403872615
91.82762978553637,1.99796126401631,1.990813443985014,6.975811750167229,7.495567621515955
91.71715587762446,1.99796126401631,1.986243311545239,6.961296372357955,7.497143579846382
91.60654562503441,1.99796126401631,1.981687360970617,6.94689607811201,7.498796730702639
91.49579900043227,1.99796126401631,1.977145074601824,6.932609659721717,7.500528250025699
91.38491596212043,1.99796126401631,1.972615915932246,6.918435576449133,7.502339033606587
91.27389645348558,1.99796126401631,1.968099340169056,6.904371994548461,7.504229697064425
91.16274040276312,1.99796126401631,1.963594804840319,6.890416831129303,7.506200579877955
91.05144772311633,1.99796126401631,1.95910178020514,6.87656780070518,7.508251753190611
90.94001831303285,1.99796126401631,1.954619759232334,6.862822463228963,7.510383031023553
90.82845205702415,1.99796126401631,1.950148266928382,6.84917827241647,7.512593984464965
90.716748826605,1.99796126401631,1.945686868816795,6.835632623199147,7.51488395835819
90.60490848153222,1.99796126401631,1.941235178397482,6.822182897222458,7.517252089985517
90.49293087127535,1.99796126401631,1.936792863444973,6.808826505412457,7.519697329237522
90.3808158366819,1.99796126401631,1.932359651037213,6.795560926763026,7.522218459767688
90.26856321179457,1.99796126401631,1.927935331240973,6.782383742643485,7.524814120656192
90.15617282579115,1.99796126401631,1.923519759414193,6.769292666083637,7.527482828142471
90.04364450499634,1.99796126401631,1.919112857119043,6.756285565654983,7.530222997030633
89.93097807492995,1.99796126401631,1.914714611670892,6.743360483725938,7.533032961422163
89.81817336233689,1.99796126401631,1.910325074377105,6.730515649021455,7.535910994484102
89.70523019718166,1.99796126401631,1.905944357545035,6.717749483558494,7.538855327015725
89.59214841454195,1.99796126401631,1.901572630360278,6.705060604155904,7.541864164630648
89.47892785639033,1.99796126401631,1.897210113754183,6.69244781882806,7.544935703422727
89.3655683732095,1.99796126401631,1.892857074393592,6.679910118465307,7.548068144031912
89.25206982543477,1.99796126401631,1.888513817936163,6.667446664280375,7.551259704069355
89.13843208467824,1.99796126401631,1.884180681701408,6.655056771559153,7.554508628899169
89.02465503473104,1.99796126401631,1.879858026911387,6.642739890297348,7.557813200806851
88.91073857232186,1.99796126401631,1.875546230655899,6.630495583332824,7.561171746611663
88.79668260762082,1.99796126401631,1.871245677735615,6.61832350259851,7.564582643802105
88.68248706448139,1.99796126401631,1.866956752533024,6.60622336412369,7.568044325290598
88.61524528447717,0,1.861825324073535,6.595134885682615,7.576040654861589
88.54594853312574,0,1.855042647764608,6.577995980635967,7.583861239422581
88.47465705310606,0,1.848394729900631,6.561170186958941,7.591552084122879
88.40143063608775,0,1.8418839150724,6.54469577676583,7.599144180761622
88.32629989523321,0,1.835507911610587,6.528582300409329,7.606654971006766
88.24927057184686,0,1.829263957944434,6.512828737319849,7.614091992054106
88.1703346829463,0,1.823149778470197,6.497430023212571,7.621456302774894
88.08947975417232,0,1.817163466144688,6.482378978090918,7.628745076023124
88.00669499683681,0,1.811303158904936,6.467666787488827,7.635953427414066
87.92197511716313,0,1.805566777951566,6.453283172518741,7.643075671382729
87.83532253841531,0,1.799951877155869,6.439216579705274,7.650106167743997
87.74674858491926,0,1.794455584440925,6.425454434795985,7.657039876795155
87.65627396926993,0,1.789074603268667,6.411983425115714,7.663872705460824
87.56392878915449,0,1.783805248015453,6.398789771322666,7.670601702399662
87.469752162433,0,1.778643496139008,6.385859465866225,7.677225143399972
87.37379158739441,0,1.773585047412788,6.373178470948038,7.683742537190769
87.27610209425711,0,1.768625385197338,6.360732877960805,7.690154573850212
87.17674524375161,0,1.763759837165307,6.348509034628909,7.696463033363415
87.07578802384614,0,1.758983633961536,6.336493645489809,7.702670667149643
86.97330169219094,0,1.75429196497845,6.324673851951084,7.708781063443954
86.86936060819698,0,1.749680030346827,6.31303729562361,7.714798504986555
86.76404109401119,0,1.745143088474028,6.301572167956854,7.720727825840562
86.65923817670591,0,1.740706343336943,6.29028697960671,7.726467468531134
86.55512978348543,0,1.736421958799709,6.279379906887296,7.732026544248547
86.45164890794331,0,1.732274582550179,6.268815304347506,7.737426473045195
86.34876226787401,0,1.728246177178161,6.258543778626935,7.742684246437655
86.24641014630924,0,1.724323235180875,6.248531524058428,7.747816290281822
86.14456604326642,0,1.720494383223129,6.238749291381164,7.752835492114474
86.04317268509931,0,1.71675048603656,6.229175879948368,7.75775494142733
85.94221058770927,0,1.713083227978403,6.219790231195707,7.762584490839986
85.84163762706157,0,1.70948599308063,6.210577400900104,7.767334124381088
85.74141937373133,0,1.705952314981069,6.201521765856768,7.772012494027956
85.64153809438358,0,1.702476800726498,6.192610161986617,7.776626621640317
85.54196396566567,0,1.699054844769472,6.183832118916411,7.781183446433625
85.44267335690984,0,1.695682010523075,6.175176946592005,7.785688986509184
85.34365255798548,0,1.692354550736786,6.166635569263552,7.790148246337623
85.24487714122461,0,1.689069162206776,6.158200499607602,7.794566279780803
85.14633223870442,0,1.685822668425012,6.149863943685675,7.798947259479815
85.04800594786866,0,1.682612445932423,6.141619664844454,7.803294850639049
84.94988018527238,0,1.679436084922258,6.133462130122419,7.807612682375702
84.85194171112471,0,1.676291277651064,6.125385717509308,7.811903858698376
84.75418373241155,0,1.673176102690969,6.117385731996993,7.816170921876507
84.65659180394232,0,1.670088849505471,6.109458316197852,7.820416539311088
84.55915545814969,0,1.667027791384288,6.101599208709521,7.824642981590193
84.46186662350556,0,1.663991454529628,6.093804810551146,7.828852221128661
84.364717022474,0,1.6609785376938,6.086072006384496,7.833046072686315
84.26769793019048,0,1.657987854042286,6.078397976212221,7.837226220933945
84.17079920559354,0,1.655018321830085,6.070780209893577,7.841394279581969
84.07401791412576,0,1.652069022323792,6.063216423200328,7.845551410343289
83.97734633910568,0,1.649139184146969,6.055704945844711,7.849698886658556
83.88077687170426,0,1.646227827245038,6.048243246112302,7.853837878177477
83.78430086911703,0,1.643333741800696,6.040827899902368,7.857969512040549
83.68791735527793,0,1.640455493911528,6.033454307884307,7.862094484517811
83.59162041167383,0,1.637591559272066,6.026117641348709,7.866213644811456
83.49540296818395,0,1.634740374749706,6.018812899949783,7.870327826813973
83.39925674063761,0,1.631900966637305,6.011537233203883,7.874437858601896
83.3031826405313,0,1.629073721846036,6.004292429852848,7.878544097568609
83.20717601179786,0,1.626260996380027,5.99708770461086,7.882647113546582
83.11123121351829,0,1.623466974545482,5.989939042355953,7.886747488526105
83.01534128315598,0,1.620697259166818,5.982867721768556,7.890845840979908
82.91950288699172,0,1.617957582922389,5.975895401706378,7.894942607394668
82.82371537917606,0,1.615251802862161,5.969036747550483,7.899038087980419
82.72797550530868,0,1.612579236053451,5.962289743417222,7.903132682985062
82.63227884302887,0,1.609931981740131,5.955625681563533,7.907226814294959
82.536620373191,0,1.60729291281694,5.948981623063002,7.911320879238575
82.44099519203701,0,1.604634788909452,5.942256980175414,7.915415192877088
82.34540175051461,0,1.601921039037462,5.935316184416277,7.919509811292611
82.24983975058694,0,1.599109122648583,5.928001111977724,7.923604603898314
82.15430717467189,0,1.59615674829998,5.920154183597785,7.927699374343537
82.05880122169128,0,1.593032286187135,5.911656988766885,7.931793835254881
81.96331847390502,0,1.589728347423794,5.902480839625436,7.935887649714225
81.86785518941633,0,1.586277609510605,5.892745870672957,7.939980530992868
81.77240758204789,0,1.582761797938568,5.882754897368562,7.944072359423229
81.67697201606552,0,1.579314442687179,5.873004263127942,7.948163345760855
81.58154885494423,0,1.576101861456767,5.864113524198358,7.952253951275368
81.48613737655523,0,1.573291722347755,5.856708958105564,7.956345183557631
81.39073583861773,0,1.571014497553036,5.851279885190993,7.960438431772459
81.29534181961753,0,1.569348262546487,5.848121558450754,7.964535324700251
81.19995245323571,0,1.568243074391572,5.847052326436836,7.968637213951766
81.10456479481763,0,1.567658426005634,5.847924890064215,7.972744828145367
81.00917616378592,0,1.567587636990328,5.850717448546513,7.976858296725279
80.91378434914623,0,1.568017883073582,5.855384334158226,7.980976564690949
80.81838993260408,0,1.569384078673477,5.863552300077121,7.985098130441255
80.72299319538524,0,1.57276135072785,5.87924585214377,7.989223005659129
80.6275939720208,0,1.580134251897278,5.909902719370606,7.993355784313094
80.53219307914787,0,1.594860952807742,5.968123653468378,7.997510496263695
80.43679010938649,0,1.621924164945675,6.072630899414738,8.001716635483204
80.34138571800486,0,1.667349906113563,6.246113213419068,8.006023357855391
80.24597983890999,0,1.736157392168583,6.507558191155169,8.010498069296995
80.15057243608135,0,1.829126692567959,6.860121554982004,8.01521554795227
80.05516394175811,0,1.940357230303413,7.281911678637377,8.020238913089562
79.95975395701953,0,2.05816623147303,7.729266027126619,8.025600996375619
79.86434312627625,0,2.169538730956563,8.153374624401483,8.031296756511349
79.76893125195147,0,2.265022420034589,8.51865011233356,8.037290590713006
79.67351842002063,0,2.34083049261977,8.810687646021144,8.043531505466506
79.57810483602043,0,2.397854333973156,9.032637590474009,8.049967178243124
79.48269014258676,0,2.439423552586028,9.196844295995266,8.056552213581311
79.38727492536418,0,2.469425470034359,9.317797760007233,8.063250697193057
79.29185891835914,0,2.491287412975359,9.408304119448403,8.070035723776549
79.19644232373503,0,2.507637918203578,9.478199086348424,8.076887434783263
79.10102517671021,0,2.520327043780437,9.534411682943237,8.083791094991316
79.00560728884375,0,2.530582525551232,9.581542032419032,8.090735502051125
78.91018903090389,0,2.53918465517091,9.622513064578527,8.097711830386665
78.81477009614264,0,2.546613112738638,9.659119691785484,8.104713072786989
78.71935081769607,0,2.55315557316059,9.692435760777991,8.111733603098424
78.62393109603363,0,2.55898288756632,9.723096596105126,8.118769165086816
78.52851088564603,0,2.564199213445778,9.751487792680702,8.1258169075077
78.43309038882853,0,2.568873767661009,9.77786521121226,8.132875557570893
78.3376692605716,0,2.57305957860495,9.802426267711919,8.139945755146325
78.24224795902592,0,2.57680323371595,9.825346934983754,8.147030117785103
78.14682626936428,0,2.580148650002699,9.846796363316525,8.154133503662061
78.05140427330934,0,2.583137367068337,9.86693804757493,8.161263076342214
77.95598203129248,0,2.585807041839108,9.885924218004138,8.168428448213351
77.86055932142244,0,2.588189229988055,9.903887369062943,8.175641742335868
77.76513647771299,0,2.590307621574946,9.920933165524232,8.182917393680674
77.66971324165115,0,2.592177808916268,9.937138843515932,8.190271687003982
77.57428982940928,0,2.593807940568587,9.952555165274385,8.197722424278236
77.4788661812654,0,2.595201474464651,9.967216584740342,8.205288704466737
77.38344221339048,0,2.596361923286992,9.981158741426086,8.212990390844711
77.28801811590438,0,2.597296083999046,9.994429822634984,8.220847255454606
77.19259359286571,0,2.598017418089257,10.00710206522501,8.228877699167462
77.09716898657098,0,2.598548770224529,10.01928076841865,8.237097505008167
77.00174413751483,0,2.59891861065512,10.031090248492,8.245520043831792
76.90631912892422,0,2.599158059115207,10.04266096562786,8.254155049322927
76.81089397206051,0,2.599301981818471,10.05413170652938,8.263006882868957
76.71546833301272,0,2.599380982600974,10.0656163327711,8.272072632490405
76.62004155557952,0,2.599413070574768,10.07716922873285,8.281340339853775
76.52461462972678,0,2.599408717904373,10.08880769573614,8.290791582501772
76.42918725020627,0,2.599373259793497,10.10052192953617,8.300401922615677
76.33375853151483,0,2.599286723094864,10.112191310151,8.310136791950201
76.23832713478077,0,2.599128560707334,10.12367873949751,8.319950375407416
76.14289137256219,0,2.59888478410455,10.13485994696358,8.329786855541705
76.0474493988213,0,2.598551100649006,10.14563947778305,8.339583322852366
75.95199941990722,0,2.598132894791996,10.15597189575253,8.349287183055845
75.85653986266243,0,2.597642564420707,10.16582499407669,8.358833493678368
75.76106946624077,0,2.597095792877105,10.17516679746235,8.368147007960525
75.6655872995043,0,2.596508267991309,10.18396693616627,8.377153621655589
75.57009272731193,0,2.595893621196609,10.1921996202763,8.385789326083605
75.47458535326678,0,2.595262620201515,10.19984899212098,8.394007169591408
75.37906496010146,0,2.594623243483487,10.20691793620262,8.401784304285149
75.2835314591548,0,2.593981184825063,10.21332419362964,8.409033887252056
75.18798485226216,0,2.593340435719207,10.21902063219371,8.415705216264611
75.09242520426051,0,2.592703743858765,10.22400077097443,8.421784358393211
74.99685262216008,0,2.592072877833381,10.22828808279355,8.427284696432483
74.90126723705362,0,2.591448717668944,10.23192699246585,8.432239407517836
74.80566918600471,0,2.59083123669329,10.23489059969303,8.436623121370141
74.71005859276011,0,2.5902194503847,10.23709989476815,8.440378249263853
74.61443554757079,0,2.589611394241475,10.23864947636821,8.443587345301175
74.51880008734588,0,2.589004168247708,10.23960854188957,8.446315394014423
74.42315217776923,0,2.588394061210427,10.24002168431061,8.448610026247586
74.32749169902218,0,2.587776750617225,10.23990939475163,8.450501251753124
74.23181843649127,0,2.587147564008219,10.23926843964144,8.452000890769991
74.13613207748585,0,2.586501783654822,10.23807233177915,8.453101941768292
74.04043221460779,0,2.585834973813939,10.2362721561842,8.453778164961097
73.94471835592594,0,2.585143306360765,10.23379801402569,8.453984174844322
73.84898994156265,0,2.584423856080339,10.23088530487469,8.453929440997625
73.75324636566347,0,2.583674833601236,10.22767141947415,8.45372275274301
73.65748700203312,0,2.582895725188433,10.22403125433386,8.45326299690457
73.56171123116746,0,2.582087316735612,10.21981388914249,8.452423588309404
73.46591846612318,0,2.581251594158661,10.21484342690635,8.451053447941414
73.37010817475948,0,2.580391530991326,10.20892264363312,8.448980645657892
73.27427989632451,0,2.579510791550913,10.20183958149673,8.446018731356538
73.17843325118974,0,2.578613389961407,10.19337678718875,8.441975386504902
73.08256794338104,0,2.577703348901175,10.18332246331626,8.436662660186952
72.98668375649777,0,2.576784397201525,10.171482467067,8.429907793630527
72.89078054421407,0,2.575859734687014,10.15769193324052,8.421563540062337
72.79485821701837,0,2.574931879362761,10.14182534757541,8.41151696648493
72.69891672695849,0,2.57400259947562,10.12380412899976,8.399695952758725
72.60295605206647,0,2.57307292329113,10.10360113454508,8.386072924318578
72.50697618190679,0,2.572143213474265,10.08124189935173,8.370665700787866
72.41097710537088,0,2.571213290445467,10.05680279265776,8.353535653929971
72.3149588015167,0,2.570282589036953,10.03040655587367,8.334783604018698
72.21892123395082,0,2.569350334029339,10.00221586479645,8.314544025766915
72.12286434895941,0,2.568415721689063,9.972425623712729,8.292978185445229
72.02678807736902,0,2.567478095592721,9.941254671652725,8.270266805565981
71.93069233987535,0,2.566537105585142,9.908937487136329,8.246602775034759
71.83457705534238,0,2.565592838853899,9.875716346500589,8.222184314280888
71.73844215135432,0,2.564645912314306,9.841834248610711,8.197208886684624
71.64228757608362,0,2.563697516454337,9.807528786025467,8.171868034630174
71.54611331034812,0,2.562749403121626,9.773027033240334,8.146343220295645
71.44991937862869,0,2.56180381381127,9.738541443311343,8.120802672624205
71.35370585778583,0,2.560863350732458,9.704266695605645,8.095399183922
71.25747288240836,0,2.559930799628542,9.670377415253666,8.070268760853164
71.16122064592491,0,2.55900891984608,9.637026681356646,8.045530012501645
71.06494939708136,0,2.558100222120613,9.604345247082502,8.021284149305824
70.96865943181547,0,2.557206756774074,9.572441402243324,7.997615467679379
70.87235108104414,0,2.556329933872645,9.54140141219186,7.974592202955489
70.77602469529302,0,2.555470392548542,9.511290463871626,7.952267645357121
70.67968062736691,0,2.554627930092141,9.482154041966606,7.930681427962496
70.5833192143773,0,2.553801494004243,9.454019648890648,7.909860910573956
70.4869407604283,0,2.552989233441609,9.426898775903453,7.889822597936431
70.39054552109064,0,2.552188601496229,9.4007890319082,7.870573544191789
70.2941336905933,0,2.551396496988764,9.375676342390326,7.852112707399132
70.19770539239289,0,2.550609433732747,9.351537142260222,7.834432228222851
70.10126067353121,0,2.549823725854515,9.328340500325591,7.817518615472876
70.00479950298904,0,2.549035678863331,9.306050126568197,7.801353828161851
69.9083217740299,0,2.548241777016138,9.284626223822681,7.785916249271498
69.81182731032823,0,2.547438857745959,9.264027151811719,7.771181550675266
69.71531587549998,0,2.546624263639036,9.244210874525253,7.757123451834033
69.61878718542994,0,2.545795962195578,9.225136163896323,7.743714377146913
69.52224092259894,0,2.544952624146296,9.206763536575277,7.730926018366016
69.42567675142163,0,2.544093653080242,9.189055908875238,7.71872980941893
69.32909433352052,0,2.543219162833565,9.171978968714829,7.707097321455786
69.23249334181583,0,2.54232990419312,9.155501281617791,7.69600058605868
69.13587347246539,0,2.541427148151056,9.13959416763792,7.685412354411014
69.03923445386044,0,2.540512538077848,9.124231403524764,7.675306299899246
68.94257605225812,0,2.539587926686927,9.109388815819752,7.665657171172432
68.84589807393331,0,2.53865521484946,9.095043833550188,7.656440902164849
68.74920036414005,0,2.537716208050367,9.081175063442252,7.647634685040444
68.65248280341257,0,2.536772502970785,9.06776193769457,7.639217011466901
68.54982942469269,1.99796126401631,2.536100621668729,9.065360279804358,7.639217011466901
68.44775172532081,1.99796126401631,2.535987316063986,9.064955265855012,7.639217011466901
68.34618657301053,1.99796126401631,2.535897775525143,9.064635200776628,7.639217011466901
68.24508262238942,1.99796126401631,2.535815930708963,9.064342644267096,7.639217011466901
68.14439170219703,1.99796126401631,2.53573281242453,9.064045535710838,7.639217011466901
68.04407280150554,1.99796126401631,2.535641974923578,9.063720834606313,7.639217011466901
67.94409074639589,1.99796126401631,2.535537516926587,9.063347446670228,7.639217011466901
67.84441270273874,1.99796126401631,2.535413186340246,9.062903023625907,7.639217011466901
67.74500885237285,1.99796126401631,2.535261971111493,9.062259664119217,7.639130706823814
67.64585203627848,1.99796126401631,2.535075996053914,9.06129622417823,7.638880025656453
67.54691745843502,1.99796126401631,2.534846695821427,9.059975129358605,7.638459075872603
67.44818243303689,1.99796126401631,2.534565276945976,9.058247946446013,7.637853509792403
67.34962617104884,1.99796126401631,2.534223455841303,9.05606083962987,7.637042876401441
67.25122960639601,1.99796126401631,2.533814392284686,9.053360540843599,7.636002818690855
67.15297526137965,1.99796126401631,2.533333655888523,9.05010044392915,7.634707278340763
67.05484714715749,1.99796126401631,2.532780005180217,9.046246075015176,7.633130744454936
66.95683069057395,1.99796126401631,2.532155763408552,9.041779085444871,7.631250480227509
66.85891267503212,1.99796126401631,2.531466658159867,9.036699129130987,7.629048591969524
66.76108118233424,1.99796126401631,2.530721131871727,9.031023454425316,7.626513775624829
66.66332552495078,1.99796126401631,2.529929274601546,9.024784572424059,7.623642587259827
66.56563616311905,1.99796126401631,2.52910162202078,9.018026746405086,7.620440129196446
66.46800460694521,1.99796126401631,2.528248069903793,9.010802155380157,7.616920109654541
66.37042330826898,1.99796126401631,2.527377089890382,9.003167430726213,7.613104305424434
66.27288554956885,1.99796126401631,2.526495326922213,8.995180964104277,7.609021519787944
66.17538533730567,1.99796126401631,2.525607558461131,8.986901076247401,7.604706171475136
66.0779173055671,1.99796126401631,2.524716927327807,8.978384914853484,7.600196670423836
65.98047663345733,1.99796126401631,2.523825331660923,8.969687845296813,7.595533733476449
65.88305897722421,1.99796126401631,2.522933860102878,8.960863090749998,7.590758772794501
65.78566041610429,1.99796126401631,2.522043184920426,8.951961429923502,7.585912458479093
65.68827740953657,1.99796126401631,2.52115385824435,8.943030835362272,7.581033521459553
65.59090676276992,1.99796126401631,2.520266488425698,8.93411600897014,7.576157828742576
65.49354559786661,1.99796126401631,2.519381799633284,8.925257830596125,7.571317734355778
65.39619132750886,1.99796126401631,2.518500595812041,8.916492773697888,7.56654168765796
65.29884162968847,1.99796126401631,2.517623659508706,8.907852358184046,7.561854066464444
65.20149442208549,1.99796126401631,2.516751618094289,8.899362708311335,7.55727519492833
65.10414783563829,1.99796126401631,2.515884807104658,8.891044270594874,7.552821504033167
65.00680018741423,1.99796126401631,2.515023155680477,8.882911731603507,7.548505794370012
64.90944995335121,1.99796126401631,2.514166114534017,8.874974164364543,7.544337565157605
64.81209574185868,1.99796126401631,2.513312643054046,8.867235425301718,7.540323379197022
64.71473626958687,1.99796126401631,2.512461268037663,8.859694816327751,7.536467239625281
64.61737034087855,1.99796126401631,2.511610220148737,8.85234801122041,7.532770960267794
64.51999683245504,1.99796126401631,2.510757643680654,8.845188214740771,7.529234516692205
64.422614684584,1.99796126401631,2.509901859790109,8.83820747412706,7.525856369571351
64.32522289934059,1.99796126401631,2.509041644328539,8.831398000281906,7.522633755422073
64.22782054544132,1.99796126401631,2.508176462715041,8.824753294661898,7.519562942814595
64.13040676767832,1.99796126401631,2.507306592720123,8.818268840194841,7.516639454569514
64.03298079747128,1.99796126401631,2.506433064390668,8.811942110844234,7.513858257812652
63.93554195954857,1.99796126401631,2.50555740950659,8.805771877755614,7.51121392448173
63.83808967226287,1.99796126401631,2.504681217585169,8.799756806378449,7.508700765206961
63.74062343384412,1.99796126401631,2.503805390926767,8.793892971178723,7.506312939657611
63.6431427903517,1.99796126401631,2.502929338004579,8.788171135934899,7.504044546171525
63.54564728955665,1.99796126401631,2.502050319377545,8.782574554420627,7.501889695418768
63.44813642186182,1.99796126401631,2.501162875247698,8.777077043255481,7.499842570560249
63.35060955105109,1.99796126401631,2.500258395731942,8.771641542276372,7.497897475551382
63.25306583829297,1.99796126401631,2.499324854091733,8.766219234523838,7.496048873166642
63.15550416282895,1.99796126401631,2.498346701648604,8.760749222112629,7.494291414468182
63.05792304272109,1.99796126401631,2.4973049294617,8.755158781545733,7.492619960808047
62.96032055945125,1.99796126401631,2.496177330563564,8.749364315456434,7.491029605313476
62.86269429147251,1.99796126401631,2.494939029789594,8.743273231893747,7.489515689742792
62.76504126358395,1.99796126401631,2.493563361404362,8.736787032240839,7.488073815137942
62.66735792061809,1.99796126401631,2.492023145871606,8.729805788914744,7.486699847456388
62.5696401341811,1.99796126401631,2.490292338519936,8.722233918535247,7.485389920161643
62.47188324911531,1.99796126401631,2.488347909784282,8.713986765267315,7.484140435453167
62.37408217171651,1.99796126401631,2.486171706718606,8.704997111690862,7.482948072202803
62.27623149517331,1.99796126401631,2.483751985200396,8.695220513875391,7.481809785761357
62.17832565095705,1.99796126401631,2.481084325728212,8.684638473536063,7.480722795867921
62.08035906989426,1.99796126401631,2.478171755623511,8.673258836088822,7.479684574046193
61.98232633498264,1.99796126401631,2.475024064042501,8.661113370508634,7.478692834675021
61.88422231004552,1.99796126401631,2.471656459694485,8.648253059340727,7.47774552974578
61.78604223337243,1.99796126401631,2.468087834293494,8.634742014800439,7.476840851668804
61.68778177190234,1.99796126401631,2.464338931247393,8.620650996534042,7.475977217719228
61.58943703767181,1.99796126401631,2.460430682708916,8.606051574711493,7.475153217735656
61.49100457286295,1.99796126401631,2.456382894511768,8.591011533479756,7.474367599947945
61.39248131229215,1.99796126401631,2.452213360257353,8.575591778430839,7.473619270434439
61.29386453272673,1.99796126401631,2.447937399565224,8.559844719742742,7.472907291632076
61.19515179738391,1.99796126401631,2.443567755881428,8.543813902985006,7.472230873035218
61.09634090212603,1.99796126401631,2.439114759187772,8.52753435254904,7.471589328464615
60.99742982769294,1.99796126401631,2.434586653630233,8.511033856876344,7.470981919981252
60.89841670029546,1.99796126401631,2.429990001374736,8.494334428218451,7.470407967955102
60.79929976122366,1.99796126401631,2.425330093856917,8.477453722008805,7.469866878724931
60.7000773449663,1.99796126401631,2.420611323755687,8.460406282827147,7.469358121105679
60.60074786455789,1.99796126401631,2.415837491441626,8.443204548925218,7.468881175923589
60.5013098026011,1.99796126401631,2.411012036216848,8.42585929801219,7.468435478086525
60.40176170630184,1.99796126401631,2.406138194657434,8.408380777143806,7.468020030530683
60.30210218506181,1.99796126401631,2.401219095957173,8.390779001452586,7.467634140915148
60.20232990942259,1.99796126401631,2.396257807998347,8.373063697850384,7.467277188994774
60.10244361048717,1.99796126401631,2.391257348796728,8.355244215201969,7.466948453931283
60.0024420792306,1.99796126401631,2.386220676871052,8.337329421487505,7.466647012215686
59.90232416541585,1.99796126401631,2.381150671783234,8.319327592346243,7.466371683093433
59.8020887760058,1.99796126401631,2.37605011325563,8.301247158354704,7.466120988453652
59.70173487313423,1.99796126401631,2.370921664400509,8.283096621803285,7.46589417653136
59.60126147177925,1.99796126401631,2.365767862031662,8.264883364704758,7.465690548906629
59.50066763731047,1.99796126401631,2.360591114957384,8.246613901449635,7.465508844134813
59.39995248310333,1.99796126401631,2.355393709647632,8.228294094619336,7.465347451947939
59.29911516835364,1.99796126401631,2.350177821710849,8.209929335411685,7.465204575551566
59.1981548962176,1.99796126401631,2.34494553113881,8.191527106967458,7.46507834698882
59.09707091232667,1.99796126401631,2.339698839184054,8.173092745304809,7.464969586968224
58.99586250368884,1.99796126401631,2.334439684918608,8.15463056245563,7.464876310687021
58.89452899795469,1.99796126401631,2.329169959883504,8.136145159760668,7.464796468342041
58.79306976298358,1.99796126401631,2.323891519686887,8.117641436864163,7.464728398419721
58.6914842066235,1.99796126401631,2.318606191871878,8.099124595955802,7.464670804474947
58.58977177662018,1.99796126401631,2.313315779799844,8.080600136765474,7.464622738515004
58.48793196056522,1.99796126401631,2.30802206264515,8.062073838829273,7.464583587740425
58.38596428577057,1.99796126401631,2.302726791856447,8.04355172856317,7.464553061211868
58.28386831902026,1.99796126401631,2.297431684604769,8.025040029791745,7.464531173148006
58.1816436661129,1.99796126401631,2.292138414820141,8.006545097618092,7.464518220089315
58.0792899711405,1.99796126401631,2.286848602433827,7.988068489896305,7.464514750071956
57.9768069154743,1.99796126401631,2.281563801414507,7.969612335722293,7.464515898625751
57.87419421642699,1.99796126401631,2.276285487135327,7.951183655583673,7.46451997216521
57.77145162556917,1.99796126401631,2.271015043552992,7.932789480412719,7.464528748667022
57.66857892670396,1.99796126401631,2.265753750632948,7.914436736106088,7.464544313449076
57.56557593350499,1.99796126401631,2.260502772422392,7.89613209739076,7.464568989705656
57.46244248682342,1.99796126401631,2.255263146155583,7.877881822307296,7.464605239230383
57.35917845170479,1.99796126401631,2.25003577276884,7.859691581832037,7.464655543014798
57.25578371414394,1.99796126401631,2.244821409197578,7.84156630018702,7.46472227421203
57.15225817761439,1.99796126401631,2.2396206628157,7.823510020087884,7.464807576627491
57.04860175945578,1.99796126401631,2.234433988350159,7.805525804000137,7.464913260465743
56.94481438714683,1.99796126401631,2.229261687554806,7.787615678191137,7.465040724030382
56.84089599457184,1.99796126401631,2.224103911854991,7.769780621831776,7.46519090621103
56.73684651834083,1.99796126401631,2.218960668079001,7.7520205993329,7.465364270687521
56.63266589424165,1.99796126401631,2.213831827278778,7.734334630954542,7.465560819458046
56.52835405391943,1.99796126401631,2.208717136517456,7.716720894683803,7.465780130919937
56.42391092185699,1.99796126401631,2.203616233374059,7.699176851398412,7.466021416405031
56.31933641271007,1.99796126401631,2.198528662795195,7.681699385233831,7.466283588702544
56.21463042908908,1.99796126401631,2.193453895818674,7.664284951608879,7.466565336480043
56.10979285980829,1.99796126401631,2.188391349611893,7.646929726295813,7.466865199383912
56.00482357865258,1.99796126401631,2.183340408213764,7.629629750041957,7.467181639725403
55.89972244366709,1.99796126401631,2.178300443345988,7.612381064411577,7.467513107842934
55.79448929698901,1.99796126401631,2.173270834667992,7.595179835621139,7.467858099338891
55.68912396518408,1.99796126401631,2.168250988888186,7.578022464135482,7.46821520333757
55.58362626007693,1.99796126401631,2.163240357208635,7.560905678654056,7.46858314166286
55.47799598001984,1.99796126401631,2.158238450665673,7.543826613843867,7.468960799385166
55.37223291155442,1.99796126401631,2.153244853029282,7.526782871776745,7.469347247553405
55.26633683140153,1.99796126401631,2.148259231032449,7.509772567515585,7.469741759137365
55.16030750870141,1.99796126401631,2.143281341811821,7.492794359679912,7.470143819290477
55.05414470745109,1.99796126401631,2.13831103754638,7.475847467115425,7.470553131034743
54.94784818905555,1.99796126401631,2.133348267376496,7.458931673004846,7.470969617396683
54.8414177149225,1.99796126401631,2.128393076767209,7.44204731789426,7.471393420909573
54.7348530490417,1.99796126401631,2.123445604544218,7.42519528317723,7.471824901261567
54.62815396049064,1.99796126401631,2.118506077877314,7.408376966583465,7.472264631725187
54.52132022580372,1.99796126401631,2.113574805513775,7.391594251166937,7.472713394860304
54.41435163117421,1.99796126401631,2.108652169574843,7.374849469187376,7.47317217784554
54.30724797443872,1.99796126401631,2.103738616223985,7.358145362138505,7.473642167664803
54.20000906681889,1.99796126401631,2.098834645499109,7.341485038006478,7.474124746257571
54.09263473440024,1.99796126401631,2.093940800576005,7.324871926655066,7.474621485634035
53.9851248193263,1.99796126401631,2.089057656700211,7.308309734042646,7.475134142859748
53.87747918069999,1.99796126401631,2.084185809993002,7.291802395792534,7.475664654730383
53.76969769518382,1.99796126401631,2.079325866307037,7.275354030475133,7.476215131887285
53.6617802572955,1.99796126401631,2.074478430280711,7.258968892827244,7.476787852071489
53.55372677941341,1.99796126401631,2.06964409471913,7.242651327039317,7.477385252180599
53.44553719147189,1.99796126401631,2.064823430414348,7.226405720188985,7.478009918782197
53.33721144038918,1.99796126401631,2.060016976508287,7.210236455891007,7.478664576751316
53.22874948920071,1.99796126401631,2.055225231497572,7.194147868266458,7.479352075739016
53.12015131595126,1.99796126401631,2.050448644979259,7.178144196402213,7.480075374243682
53.01141691232988,1.99796126401631,2.045687610238256,7.162229539566842,7.48083752114413
52.90254628210005,1.99796126401631,2.040942457779391,7.146407813559955,7.481641634660144
52.79353943931892,1.99796126401631,2.036213449907663,7.130682708687264,7.482490878826091
52.68439640640554,1.99796126401631,2.031500776457568,7.115057649960384,7.483388437690163
52.57511721206447,1.99796126401631,2.026804551765299,7.099535760207802,7.484337487577884
52.46570188911755,1.99796126401631,2.022124812965097,7.084119826840783,7.485341167876142
52.35615047227293,1.99796126401631,2.017461519672915,7.068812273038235,7.486402550895438
52.24646299587857,1.99796126401631,2.012814555096768,7.053615134092245,7.487524611446949
52.13663949169768,1.99796126401631,2.008183728584603,7.038530039589966,7.488710196822101
52.0266799867486,1.99796126401631,2.003568779588083,7.023558201998911,7.489961997882315
51.91658450126306,1.99796126401631,1.998969382985856,7.00870041207639,7.491282521954453
51.80635304678708,1.99796126401631,1.994385155674194,6.99395704134655,7.492674068183838
51.69598562447754,1.99796126401631,1.989815664298077,6.979328051690027,7.49413870592472
51.58548222361787,1.99796126401631,1.98526043396343,6.964813011881303,7.495678256652136
51.47484282040205,1.99796126401631,1.980718957742963,6.950411120699227,7.497294279765127
51.36406737698144,1.99796126401631,1.976190706764988,6.936121236036795,7.498988062525791
51.25315584082819,1.99796126401631,1.971675140657962,6.921941909257376,7.500760614248529
51.14210814440048,1.99796126401631,1.967171718113789,6.907871423894184,7.502612664725532
51.03092420512803,1.99796126401631,1.962679907330585,6.893907837674055,7.504544666754089
50.91960392570581,1.99796126401631,1.958199196100595,6.880049026769883,7.506556802523399
50.80814719470345,1.99796126401631,1.953729101320889,6.866292731149729,7.508648993527167
50.69655388745196,1.99796126401631,1.94926917772281,6.852636599894873,7.510820913595605
50.5848238671997,1.99796126401631,1.944819025639902,6.839078235400969,7.513072004587857
50.47295698651124,1.99796126401631,1.940378297662309,6.825615235452585,7.515401494253361
50.36095308886343,1.99796126401631,1.935946704057074,6.812245232265991,7.517808415757203
50.24881201041262,1.99796126401631,1.931524016867295,6.79896592772246,7.520291628368497
50.13653358189549,1.99796126401631,1.927110072637376,6.785775124157644,7.522849838829813
50.024117630609,1.99796126401631,1.922704773745592,6.772670750225574,7.52548162295721
49.91156398244129,1.99796126401631,1.918308088357683,6.759650881511853,7.528185447061417
49.79887246390354,1.99796126401631,1.913920049045515,6.746713755724387,7.530959688828694
49.68604290412804,1.99796126401631,1.909540750142053,6.73385778243643,7.533802657352024
49.57307513678097,1.99796126401631,1.905170343927695,6.721081547491957,7.536712612057263
49.45996900187038,1.99796126401631,1.900809035762934,6.708383812304485,7.539687780322657
49.34672434739969,1.99796126401631,1.89645707829831,6.695763508385642,7.542726373642004
49.2333410308529,1.99796126401631,1.892114764904715,6.683219727527751,7.545826602230374
49.11981892046788,1.99796126401631,1.887782422475442,6.670751708135448,7.548986688015694
49.0061578962941,1.99796126401631,1.883460403756284,6.658358818255324,7.552204875999117
48.89235785100846,1.99796126401631,1.879149079361746,6.646040535890394,7.555479444001326
48.77841869047825,1.99796126401631,1.874848829634408,6.633796427209357,7.558808710840912
48.66434033406858,1.99796126401631,1.870560036501088,6.621626123270328,7.562191043014678
48.55012271468604,1.99796126401631,1.86628307547395,6.609529295876426,7.565624859968234
48.48287319700648,0,1.861166126656581,6.598421083458242,7.573561568320793
48.41356826000083,0,1.854402721890535,6.581280078471322,7.581328245828081
48.34226818863499,0,1.847774164950549,6.564457620116778,7.588969870524978
48.26903280418355,0,1.841282637007059,6.547990658374452,7.596516658634142
48.19389273485831,0,1.834925698989244,6.531887649751768,7.603985472544286
48.11685372925695,0,1.82870045008962,6.516146638961415,7.611383410348515
48.0379078095084,0,1.822604485073884,6.500761753445478,7.618711189330225
47.95704250733252,0,1.816635781464929,6.485725119540253,7.625965708755501
47.87424704264777,0,1.810792380489958,6.471027340329091,7.633141858624314
47.78951613345362,0,1.805072128532924,6.456657663864253,7.640233762086086
47.70285221815902,0,1.799472528021387,6.442604169607843,7.647235612652907
47.61426663953807,0,1.793990678720319,6.42885401629323,7.654142222899834
47.5237801317262,0,1.788623277873045,6.415393715874052,7.660949366257606
47.43142281672408,0,1.783366653329106,6.402209395001473,7.667653969200394
47.33723383909455,0,1.778216812901559,6.389287022064691,7.674254194715549
47.24126072577565,0,1.773169500522719,6.376612593314783,7.680749446861922
47.14355853710822,0,1.768220254403337,6.364172280665824,7.687140318366986
47.04418886492203,0,1.763364464788227,6.351952547879185,7.693428498647252
46.94321872878027,0,1.758597429910524,6.339940241108762,7.69961665495855
46.84071941795628,0,1.753914409395807,6.328122660239229,7.705708297484163
46.73676532309582,0,1.749310674246951,6.316487614797291,7.711707636766953
46.63143279682572,0,1.744781552740834,6.305023467445042,7.717619440279232
46.52656269660292,0,1.740351377367895,6.293738470887733,7.723345582361562
46.42238679466391,0,1.736071499720049,6.282825141389888,7.728891747519458
46.31884503388846,0,1.731928693359214,6.27225508928657,7.734278899259936
46.21589407349256,0,1.72790494491559,6.261979379945564,7.739524549845358
46.11347340421707,0,1.723986413048486,6.251962931931409,7.744645099956789
46.01155683586512,0,1.720161747524614,6.242176481353467,7.749653365530317
45.91009192637648,0,1.716421930680902,6.232598977695422,7.754562135938418
45.80906256853632,0,1.71275885863961,6.223209944283866,7.75938106659186
45.70842127858123,0,1.709165938221044,6.213994703169756,7.76412039262178
45.60813589193094,0,1.705636589509163,6.204937084345175,7.768788625825222
45.50818513719878,0,1.702165450456483,6.196024144721616,7.773392943881431
45.40854200636022,0,1.698747868865368,6.187245098997521,7.77794012504392
45.30918027900225,0,1.695379463440013,6.17858953204323,7.782436296499275
45.2100887474262,0,1.692056457167028,6.170048137844891,7.786886326336339
45.11124263544207,0,1.688775613984997,6.161613666680045,7.791295272374819
45.01262535832393,0,1.685533724823534,6.153278252354438,7.795667377694633
44.91422697189046,0,1.682328146396218,6.145035495119174,7.800006204555373
44.81602881037179,0,1.679156510105836,6.136880020048118,7.804315400895613
44.71801770952061,0,1.676016488175862,6.128806116119825,7.808598059728727
44.62018614256704,0,1.672906145524245,6.120809054756371,7.812856751551333
44.52252052820677,0,1.669823757162338,6.112884883345765,7.817094097319378
44.42501040063507,0,1.666767610547291,6.105029383239783,7.821312362913801
44.32764663672788,0,1.663736208349325,6.097238899723357,7.825513565256514
44.23042241373332,0,1.660728228389421,6.089510180732628,7.829699448523264
44.13332844305387,0,1.65774249554233,6.081840463564552,7.833871720578686
44.03635497961386,0,1.654777898579773,6.07422710994637,7.838031974336003
43.93949773136774,0,1.651833496418315,6.066667797716838,7.842181432029943
43.84274984907461,0,1.648908493030788,6.059160730194524,7.846321325359717
43.74610408031185,0,1.646001950175589,6.051703511966934,7.850452806341365
43.64955081145217,0,1.643112687323284,6.044292856272817,7.854577045151759
43.55308996621352,0,1.640239294802533,6.036924216545138,7.85869469699686
43.45671528793446,0,1.637380279429913,6.029592886118971,7.86280662629917
43.36041997629127,0,1.634534025792028,6.022293658052917,7.866913654493997
43.26419530422299,0,1.631699415357182,6.015023160216496,7.871016629363671
43.16804200730257,0,1.628876566362701,6.007782196189541,7.875115916347515
43.07195560068612,0,1.626067501497441,6.000578746725023,7.87921207614108
42.97593059634983,0,1.623276099779436,5.993427668325976,7.883305681507303
42.8799600611901,0,1.620507805197989,5.986349657264229,7.887397346425711
42.78403977405287,0,1.617768469148994,5.979366846959362,7.891487544686544
42.68816960298318,0,1.615062442077603,5.972495710632233,7.895576550948323
42.59234641146304,0,1.61238998823904,5.965737726567789,7.899664759616551
42.49656586971651,0,1.609744497703978,5.959068944966927,7.903752590435729
42.40082302454903,0,1.607110409188989,5.952432193932397,7.907840444025673
42.30511305777691,0,1.604462066982956,5.945732711393307,7.911928641980513
42.20943335793072,0,1.601764314441342,5.938840155884566,7.91601730523398
42.11378424952545,0,1.598975265984911,5.931598753172783,7.920106293962355
42.01816398784104,0,1.596052263573183,5.923849502833883,7.924195422109958
41.92257012517166,0,1.592961111910594,5.915464423551259,7.928284401083193
41.82699961984963,0,1.589689646808812,5.906397083421919,7.932372886100039
41.73144906941889,0,1.586262370605998,5.896737277655908,7.936460553420517
41.63591494904631,0,1.582752782901413,5.886757349440785,7.940547238430876
41.54039378557263,0,1.579284076789072,5.876915348509808,7.944633061742048
41.44488299819022,0,1.576019776121419,5.86782073994608,7.948718548860679
41.34938347791922,0,1.57312750904661,5.86009976106433,7.952804519777144
41.25389400009681,0,1.570753194272291,5.854299427492781,7.956892326256071
41.15841265348445,0,1.568974143240526,5.850712191861084,7.960983517133964
41.06293691865631,0,1.567777542004452,5.849294782365657,7.96507954593709
40.9674639448167,0,1.56709675512799,5.849802462107158,7.969181247416548
40.87199091012371,0,1.566928639796199,5.852226672098515,7.973288856561666
40.7765153214159,0,1.567260820582171,5.856523581988474,7.977401592551746
40.68103662823978,0,1.568399069093128,5.86383818377046,7.98151792464045
40.58555577369316,0,1.571299268544528,5.87775052102684,7.985637384134649
40.4900720760379,0,1.57774837536677,5.904961481710629,7.989763444907714
40.39458686193666,0,1.590826963200899,5.957036449437309,7.993907963156034
40.29909973010672,0,1.615232989894523,6.051636312609197,7.99809722550005
40.2036109814635,0,1.656900113507655,6.211108823145663,8.002376687449903
40.10812083219025,0,1.721225493423534,6.455860209593852,8.00681084134146
40.0126289429345,0,1.809954237012173,6.792660716917188,8.011474147464183
39.91713603421431,0,1.918408525709477,7.204195142616317,8.016433001834038
39.82164176665538,0,2.035693156399589,7.649743973911609,8.021726324082497
39.72614652704942,0,2.148674061402644,8.080040640292713,8.027355526658242
39.6306503117803,0,2.24706531534404,8.456362444147295,8.033289482977356
39.53515298733055,0,2.326118222787929,8.760689885164817,8.039479017865883
39.43965496791498,0,2.3860640037869,8.993693477841175,8.045871554596545
39.34415587591502,0,2.429953873236611,9.166673399193366,8.052420462445339
39.24865621931986,0,2.461658872109968,9.294061509311645,8.059088392703593
39.15315583321626,0,2.484709594647081,9.389055620064218,8.065847183102989
39.05765474399323,0,2.501865259702035,9.461986141536586,8.072676044436827
38.96215315025165,0,2.515091383083834,9.520219078265768,8.079559560298319
38.86665067992453,0,2.525703082400367,9.568685363496835,8.086486067538745
38.77114788242034,0,2.534541277643793,9.610537426704946,8.093446350275091
38.67564449261772,0,2.542125559235753,9.647721179917195,8.100433054499193
38.58014067505337,0,2.548769211504188,9.681407220962697,8.107440209183666
38.48463646006985,0,2.554659413686184,9.712292309480604,8.114463137371999
38.38913165178019,0,2.559910888638032,9.74080153268844,8.121498509080736
38.29362659617527,0,2.56460000287958,9.767217137467796,8.128544449635571
38.19812098650709,0,2.56878499408074,9.791755445917424,8.135600888025149
38.10261513497517,0,2.572516640028354,9.814607446366949,8.142669691474207
38.0071089365174,0,2.575842544701793,9.835955341915302,8.149754901690713
37.91160234488962,0,2.578807808892736,9.855975198474708,8.156862836295465
37.8160955426647,0,2.581453681567866,9.874831890850215,8.164002200040594
37.72058818364803,0,2.58381532701355,9.892670657522057,8.17118421505246
37.62508071748198,0,2.585919936021527,9.909609584696357,8.178422472297722
37.52957292205701,0,2.58778579346258,9.925735519326153,8.185732616745712
37.43406488362598,0,2.589422423958742,9.941103919922059,8.193131904159072
37.33855664522343,0,2.590833356396259,9.955749033330564,8.200638969559243
37.24304800428672,0,2.592020474725054,9.969700031977233,8.208273435551115
37.14753926458252,0,2.592986935104564,9.982991262545218,8.216055147130888
37.05203016296946,0,2.593742533468916,9.995681810359727,8.224003252497987
36.95652092026376,0,2.594306222064291,10.00786288340969,8.232134209393303
36.86101146950386,0,2.594703099760472,10.01964698255575,8.240462343198773
36.76550179956303,0,2.59496423948085,10.03116639313034,8.248999035391188
36.66999200880127,0,2.595123776260236,10.04256006697701,8.257751095418625
36.57448179388848,0,2.595212639746046,10.05394709563353,8.266718857509636
36.4789705359899,0,2.595251945242635,10.06539872202242,8.275894297459338
36.38345894849135,0,2.595253055601757,10.07693742739099,8.28526035838059
36.28794697804824,0,2.595221917666472,10.08856020445706,8.294796148521007
36.19243378673127,0,2.595141934643319,10.10016530417949,8.304471722114375
36.0969180699185,0,2.59499174657995,10.11161825993662,8.314245888042533
36.00139814850354,0,2.594756091292517,10.12279462417047,8.324066623839437
35.90587215678443,0,2.59442944988091,10.1335972585151,8.333873445897655
35.81033826187559,0,2.594016441458875,10.143969312599,8.343606775145444
35.71479484445081,0,2.593529255083554,10.15388844385174,8.353210311767411
35.6192406002674,0,2.5929837296181,10.16332726934868,8.362611985889819
35.52367456087904,0,2.59239577688902,10.17225479142092,8.37173639992892
35.42809605748334,0,2.591779091514062,10.18063966309261,8.380514758656462
35.33250465839592,0,2.591144255554411,10.18845602055582,8.388892504245076
35.23690010433711,0,2.590498857470562,10.19569183463749,8.396835821009422
35.14128225515651,0,2.589848125756666,10.20230422636943,8.404291591405119
35.04565105226629,0,2.589195671344644,10.20822084694401,8.411189725732262
34.95000649497069,0,2.588544091765887,10.21341624586424,8.417501296564277
34.85434862593775,0,2.587895334793737,10.21790090221087,8.42322852885418
34.75867752059548,0,2.587250823552466,10.22171128320505,8.428396384542808
34.66299327629349,0,2.586611406865964,10.22490219615522,8.433046582308599
34.5672959988251,0,2.585977223330933,10.22730865749048,8.437040031360874
34.47158578579274,0,2.585347563288181,10.22902215125545,8.440457401853809
34.37586270773136,0,2.584720790054259,10.23012551023739,8.443370769830093
34.28012678876712,0,2.584094352236415,10.23067663064838,8.44583490909508
34.18437798886498,0,2.583464892675903,10.23070884827895,8.447887214554109
34.08861618951596,0,2.582828442019015,10.23023118161118,8.449547243241817
33.9928411843639,0,2.58218067646457,10.22922862267126,8.450816086343197
33.8970526757721,0,2.581517216754794,10.22766270620042,8.451675834541929
33.80125027788017,0,2.580833944942619,10.2254726182609,8.452089426090163
33.70543352619006,0,2.580127314195002,10.2226585838541,8.452076175990449
33.60960189320213,0,2.579394624602499,10.2196026922572,8.451948092323651
33.51375480902152,0,2.578634236541526,10.21618906717899,8.451615186148235
33.41789168527339,0,2.577845695327411,10.21227612991167,8.450962438899403
33.32201194021036,0,2.577029748641602,10.20769662308247,8.449849736126897
33.22611502267227,0,2.576188251369667,10.20226028376284,8.448114335167814
33.13020043263168,0,2.575323968573155,10.19575941220121,8.445576039236691
33.03426773653791,0,2.574440302420625,10.18797718670366,8.442044878121219
32.93831657633564,0,2.573540979211027,10.17869814558838,8.437330709889109
32.84234667186684,0,2.572629735861249,10.16771989213561,8.431253846553473
32.74635781715915,0,2.571710041325258,10.15486486147296,8.423655638450642
32.6503498717002,0,2.570784879213457,10.13999096444833,8.414407958870646
32.55432274821851,0,2.569856606231079,10.12300008908163,8.403420700928326
32.45827639861,0,2.568926889732603,10.10384374858951,8.390646686318068
32.36221079959523,0,2.567996718648989,10.08252554473385,8.376083725822731
32.2661259394863,0,2.567066476132223,10.05910049172141,8.359773900205747
32.17002180713644,0,2.56613605934778,10.0336715592211,8.34180039831249
32.07389838387189,0,2.565205031185255,10.00638400778715,8.322282429596804
31.9777556388326,0,2.564272789291144,9.977418196010978,8.301368815183784
31.88159352793627,0,2.563338738904671,9.94698154634391,8.279230865771137
31.78541199635583,0,2.562402456953083,9.915300288593407,8.256055096464655
31.68921098418105,0,2.561463835576239,9.882611484403732,8.23203623135058
31.59299043468855,0,2.560523193900222,9.849155699463834,8.207370835772959
31.49675030442268,0,2.559581347917687,9.815170555019661,8.182251798982039
31.40049057408487,0,2.558639630294496,9.78088527245681,8.156863785734817
31.30421125911471,0,2.557699855220311,9.746516233513018,8.131379689163158
31.20791241879306,0,2.556764228144456,9.712263517111573,8.105958051267429
31.11159416273858,0,2.555835206022019,9.678308339708844,8.080741371308914
31.01525665392182,0,2.554915319716595,9.644811313486873,8.055855193923556
30.91890010758743,0,2.554006975347398,9.611911437755612,8.031407854832292
30.82252478592,0,2.553112254511997,9.579725745528574,8.007490759215308
30.72613098868987,0,2.552232733688006,9.548349533027443,7.984179072973091
30.6297190405503,0,2.551369340552056,9.517857101306594,7.961532717461129
30.53328927594703,0,2.550522259973492,9.488302935834763,7.939597571618603
30.43684202279474,0,2.549690896105277,9.459723243781175,7.918406799997113
30.34037758612158,0,2.548873890589441,9.432137763184146,7.89798223979274
30.24389623281331,0,2.548069191554039,9.405551756154024,7.878335793758111
30.14739817839109,0,2.547274164497127,9.379958101462007,7.859470788311802
30.05088357658315,0,2.54648573446144,9.35533941017874,7.841383267011398
29.95435251218623,0,2.545700548731944,9.331670099772293,7.824063198736472
29.85780499751945,0,2.544915149973251,9.308918374739797,7.80749558748497
29.76124097255888,0,2.54412615056974,9.287048072997603,7.791661476745547
29.66466030866741,0,2.543330399452651,9.266020345355189,7.776538846136678
29.56806281565241,0,2.542525132771908,9.245795140289106,7.762103401584097
29.47144825168834,0,2.541708099658505,9.226332469159264,7.748329262923694
29.3748163354785,0,2.540877654563674,9.207593430167277,7.735189554638079
29.27816675983559,0,2.540032808848014,9.189540975087233,7.722656906614228
29.18149920575433,0,2.539173236823567,9.172140412668858,7.71070387248346
29.08481335597753,0,2.53829923532005,9.155359656703359,7.699303273389056
28.98810890711593,0,2.537411640583754,9.139169243448777,7.688428475017202
28.89138557951264,0,2.536511711094931,9.123542159551141,7.678053605503775
28.79464312429263,0,2.535600988760076,9.108453534490055,7.668153721459142
28.69788132733447,0,2.534681153121276,9.093880258271543,7.658704928888358
28.60110001022531,0,2.533753883337666,9.07980058433659,7.649684465272994
28.50429902853921,0,2.532820740818215,9.066193769864386,7.641070748550415
28.40155189118468,1.99796126401631,2.532155908584874,9.063814012878513,7.641070748550415
28.29938199347998,1.99796126401631,2.532044041281809,9.063413585548716,7.641070748550415
28.19772597138126,1.99796126401631,2.531955623378069,9.063097094991324,7.641070748550415
28.09653258466551,1.99796126401631,2.531874792867995,9.062807763395513,7.641070748550415
27.99575319578435,1.99796126401631,2.531792687524796,9.062513868553694,7.641070748550415
27.89534642340186,1.99796126401631,2.531702931454763,9.062192588050172,7.641070748550415
27.79527724790842,1.99796126401631,2.531599680601579,9.061823003173203,7.641070748550415
27.69551273891011,1.99796126401631,2.531476736789578,9.06138292764617,7.641070748550415
27.59602299541166,1.99796126401631,2.531327141008759,9.060743215762029,7.640983210769924
27.49678078735997,1.99796126401631,2.531143069544242,9.059780268232117,7.640727826900376
27.39776125802655,1.99796126401631,2.530916003659293,9.058456521613309,7.640298605131361
27.29894166983559,1.99796126401631,2.530637186708504,9.056723280267978,7.639680892722224
27.20030118957584,1.99796126401631,2.530298356670742,9.054526243795294,7.638853802819281
27.10182071331201,1.99796126401631,2.529892675036597,9.051811550547882,7.63779248440584
27.00348273060717,1.99796126401631,2.529415691028908,9.048531955304634,7.636470401146785
26.90527122395724,1.99796126401631,2.528866121770547,9.044652394669152,7.6348616548595
26.80717159477354,1.99796126401631,2.528246232575716,9.040154080087392,7.632943282842662
26.70917060360807,1.99796126401631,2.527561683446736,9.035036468059142,7.63069738667514
26.61125631158211,1.99796126401631,2.526820847151216,9.029316923237895,7.628112920514768
26.51341801237777,1.99796126401631,2.526033748472045,9.023028424404608,7.625186979838088
26.41564614919207,1.99796126401631,2.525210866411935,9.01621605209758,7.621925479675259
26.31793221670978,1.99796126401631,2.524362050315175,9.008933112326584,7.618343181126469
26.22026865284988,1.99796126401631,2.523495735177811,9.001237603142043,7.614463099907484
26.12264872752621,1.99796126401631,2.522618537504715,8.993189433961374,7.610315395772592
26.02506643583547,1.99796126401631,2.52173521286776,8.984848499991331,7.605935886367075
25.9275164015462,1.99796126401631,2.520848887850735,8.976273491443733,7.601364348887739
25.82999379437933,1.99796126401631,2.519961450367336,8.967521209860692,7.596642769109876
25.73249426209259,1.99796126401631,2.519073986525874,8.958646153130442,7.591813675164693
25.63501387637098,1.99796126401631,2.518187176422511,8.9497001787407,7.586918660131497
25.53754909018971,1.99796126401631,2.517301593428735,8.940732126474963,7.581997160196003
25.44009670365358,1.99796126401631,2.516417883233987,8.931787353459034,7.577085519634777
25.34265383529419,1.99796126401631,2.515536825119086,8.922907192848967,7.572216344074013
25.24521789620576,1.99796126401631,2.514659296180375,8.914128385930821,7.56741812122366
25.14778656504222,1.99796126401631,2.513786168901042,8.905482554352469,7.562715073878703
25.05035776266323,1.99796126401631,2.512918174673734,8.896995777780775,7.558127202585807
24.95292962589974,1.99796126401631,2.512055763063731,8.888688329708101,7.553670473590846
24.85550048050754,1.99796126401631,2.511198981694103,8.880574608896612,7.549357109926171
24.75806881385324,1.99796126401631,2.510347396894713,8.872663292608776,7.545195948183194
24.66063324827883,1.99796126401631,2.509500071425438,8.864957731386394,7.541192829645497
24.56319251640343,1.99796126401631,2.508655611768538,8.857456599332682,7.537351000983931
24.46574543985662,1.99796126401631,2.507812291780167,8.85015480108925,7.533671505939227
24.36829091295385,1.99796126401631,2.506968249965452,8.843044609733406,7.530153554938517
24.2708278926566,1.99796126401631,2.506121743336497,8.836116965099158,7.526794864244556
24.17335539548822,1.99796126401631,2.505271422620442,8.829362802367296,7.523591959868419
24.07587250112738,1.99796126401631,2.504416574963239,8.822774219837953,7.520540444364268
23.97837836095277,1.99796126401631,2.503557267426353,8.8163452526563,7.517635227212089
23.88087220834768,1.99796126401631,2.502694319295521,8.810072002742206,7.514870720910052
23.78335336593318,1.99796126401631,2.50182909600969,8.803952104511016,7.51224100562791
23.68582124766635,1.99796126401631,2.50096310722848,8.797983469957369,7.509739965578079
23.58827534707962,1.99796126401631,2.500097284137718,8.792161878647066,7.50736140051053
23.49071520817051,1.99796126401631,2.49923120461462,8.786478364094812,7.50509911496741
23.39314038226712,1.99796126401631,2.498362437731899,8.780917003364801,7.502946990465176
23.29555037167847,1.99796126401631,2.497485955645256,8.775452928597366,7.500899043444492
23.19794456263935,1.99796126401631,2.496593679195475,8.770050794810379,7.498949470791392
23.10032215091996,1.99796126401631,2.495674182607936,8.764663794266152,7.497092684564252
23.00268206347027,1.99796126401631,2.494712558190224,8.759233221602441,7.495323337692617
22.90502287945674,1.99796126401631,2.493690444276818,8.753688604374846,7.493636342004113
22.80734275435952,1.99796126401631,2.492586245614858,8.747948505151294,7.492026883984003
22.70963935197597,1.99796126401631,2.491375608985693,8.741922209612307,7.490490437495202
22.61190979092316,1.99796126401631,2.490032234372059,8.73551258157527,7.489022770621466
22.51415061395164,1.99796126401631,2.488529080562752,8.728620292566228,7.487619947266483
22.41635778889668,1.99796126401631,2.486839953170039,8.721149385011337,7.486278325370767
22.31852674844686,1.99796126401631,2.484941353905725,8.713013746341842,7.484994553552593
22.22065247164664,1.99796126401631,2.4828143569562,8.704143683357794,7.48376557174598
22.12272960373775,1.99796126401631,2.480446207612387,8.694491493058731,7.482588611621791
22.02475260407755,1.99796126401631,2.477831347265162,8.684035014552824,7.481461180939554
21.92671590651298,1.99796126401631,2.474971665894745,8.672778476481723,7.480381045734955
21.82861407428663,1.99796126401631,2.471875940849698,8.660750500453958,7.479346216060359
21.73044193306032,1.99796126401631,2.468558587352248,8.647999700801764,7.478354936100649
21.63219467025374,1.99796126401631,2.465037969553038,8.634588769835728,7.47740567938837
21.53386789521119,1.99796126401631,2.461334570197778,8.620587989190716,7.476497149089084
21.43545766101943,1.99796126401631,2.457469291200441,8.606069240615406,7.47562820964978
21.33696045371562,1.99796126401631,2.453462079555934,8.591101190240408,7.474797865179145
21.23837315747733,1.99796126401631,2.449330975367304,8.575745960170556,7.474005256681187
21.13969300522058,1.99796126401631,2.445091589430619,8.560057299111918,7.473249661057308
21.04091752324348,1.99796126401631,2.440756953474993,8.544080047482927,7.472530483102324
20.94204447673928,1.99796126401631,2.436337651433645,8.527850449190487,7.471847239075087
20.84307182092198,1.99796126401631,2.43184213117612,8.511397237801393,7.471199365601194
20.74399766035367,1.99796126401631,2.427277105172315,8.49474312803515,7.47058631375024
20.64482021738968,1.99796126401631,2.422647967422176,8.477906281392814,7.470007596161471
20.54553780933929,1.99796126401631,2.417959176094582,8.46090160347287,7.469462774130557
20.44614883315717,1.99796126401631,2.413214572285517,8.44374179618139,7.468951411394472
20.34665175606915,1.99796126401631,2.408417622723567,8.426437982330929,7.468473015654166
20.24704511045456,1.99796126401631,2.403571587184338,8.409000383039061,7.46802674598007
20.14732749144241,1.99796126401631,2.398679619835951,8.39143909449202,7.46761182290082
20.04749755595913,1.99796126401631,2.393744818273838,8.373763994197951,7.467227600201911
19.94755402226656,1.99796126401631,2.388770235418854,8.355984619001227,7.466873361691791
19.84749566939081,1.99796126401631,2.383758868624169,8.338110037466473,7.466548198146911
19.74732133609723,1.99796126401631,2.378713638096137,8.320148727480053,7.466250940997739
19.64702991931154,1.99796126401631,2.373637363798159,8.302108648947375,7.465980123124219
19.54662037205617,1.99796126401631,2.368532746936467,8.283998718856651,7.465734548624606
19.44609170105741,1.99796126401631,2.363402359318324,8.265826575926184,7.465513677666154
19.34544296422155,1.99796126401631,2.358248641565435,8.247598871975962,7.465316309904147
19.24467326817467,1.99796126401631,2.353073909465055,8.229321522842957,7.465140825472167
19.14378176605078,1.99796126401631,2.347880366653749,8.210999920921445,7.464985369628982
19.04276765561644,1.99796126401631,2.342670121290555,8.192640263954468,7.464847987323018
18.94163017782103,1.99796126401631,2.337445204284157,8.174249513788862,7.464728552887087
18.84036861575623,1.99796126401631,2.332207586872544,8.155831784029843,7.464626088843154
18.73898229399856,1.99796126401631,2.326959195794005,8.137391525983412,7.464538318055336
18.63747057825458,1.99796126401631,2.32170192482799,8.118933531335323,7.464463379193411
18.53583287521997,1.99796126401631,2.316437642034996,8.100462929623761,7.464399799335981
18.43406863253949,1.99796126401631,2.311168192521081,8.081985176215138,7.464346474239489
18.332177338767,1.99796126401631,2.30589539695312,8.063506027616032,7.46430265295342
18.23015852322624,1.99796126401631,2.300621046335885,8.0450315019693,7.464267923229523
18.12801175569621,1.99796126401631,2.295346893731201,8.026567823612904,7.464242194245562
18.02573664584179,1.99796126401631,2.290074643666857,8.008121351703908,7.464225673637218
17.92333284235519,1.99796126401631,2.284805939972098,7.98969748755164,7.464218836708758
17.82080003175815,1.99796126401631,2.279542352715072,7.971293876766128,7.464219392681914
17.71813793686215,1.99796126401631,2.274285364832183,7.95291749726345,7.464222477794933
17.61534631486484,1.99796126401631,2.269036358952207,7.934575333300747,7.464229829826831
17.51242495510542,1.99796126401631,2.263796604844456,7.916274268800769,7.464243514966013
17.40937367647075,1.99796126401631,2.258567247867751,7.898020947272594,7.464265863333226
17.30619232449862,1.99796126401631,2.253349298765507,7.879821608741168,7.464299371683861
17.20288076819998,1.99796126401631,2.248143625136267,7.861681918104849,7.464346582661375
17.099438896641,1.99796126401631,2.242950944899356,7.843606801104478,7.464409953336612
16.99586661534158,1.99796126401631,2.237771822061566,7.825600303314656,7.464491726929179
16.89216384254541,1.99796126401631,2.232606665063657,7.807665484603485,7.464593820475378
16.78833050543835,1.99796126401631,2.227455727938345,7.789804357133944,7.464717738245098
16.68436653637127,1.99796126401631,2.222319114441308,7.77201787013121,7.464864516712033
16.58027186919026,1.99796126401631,2.217196785224663,7.754305940145206,7.46503470270688
16.47604643573322,1.99796126401631,2.212088568012639,7.736667521962346,7.465228362737315
16.37169016258304,1.99796126401631,2.206994170619268,7.719100712925757,7.46544511877764
16.26720296815074,1.99796126401631,2.201913196526388,7.701602882206529,7.465684204267276
16.16258476015355,1.99796126401631,2.196845162626406,7.684170816352307,7.46594453353606
16.05783543354846,1.99796126401631,2.191789518636742,7.666800872962237,7.466224778181395
15.95295486895975,1.99796126401631,2.186745667618495,7.649489135328914,7.466523444788578
15.84794293162759,1.99796126401631,2.181712986985707,7.632231562114701,7.466838949550816
15.74279947090145,1.99796126401631,2.176690849376104,7.615024127415372,7.467169686595334
15.63752432025831,1.99796126401631,2.171678642769493,7.597862947792177,7.467514088003524
15.53211729783834,1.99796126401631,2.166675789283957,7.580744393957382,7.467870674532765
15.42657820745808,1.99796126401631,2.161681762148806,7.56366518574962,7.468238096861302
15.3209068400547,1.99796126401631,2.156696100441337,7.546622469829332,7.468615167777964
15.21510297550594,1.99796126401631,2.151718421276044,7.529613880170245,7.469000886141475
15.10916638475828,1.99796126401631,2.146748429242959,7.51263758193488,7.469394453668518
15.0030968321953,1.99796126401631,2.141785923000421,7.495692299716634,7.469795285709613
14.89689407816695,1.99796126401631,2.136830799030407,7.478777331422503,7.470203017171047
14.79055788161895,1.99796126401631,2.131883052657046,7.461892549271354,7.470617504670081
14.68408800274301,1.99796126401631,2.12694277650709,7.445038389503657,7.471038825895101
14.57748420558619,1.99796126401631,2.122010156652413,7.428215832448472,7.471467277002548
14.47074626055564,1.99796126401631,2.11708546671814,7.411426374581033,7.471903368733056
14.36387394677877,1.99796126401631,2.112169060265706,7.394671994137722,7.472347821780546
14.25686705425596,1.99796126401631,2.107261361769589,7.377955111743702,7.472801561805825
14.1497253857824,1.99796126401631,2.102362856501731,7.361278547360995,7.473265714353845
14.04244875860331,1.99796126401631,2.097474079621912,7.344645474692714,7.473741599812129
13.93503700578276,1.99796126401631,2.092595604748671,7.328059373992303,7.474230728437245
13.82748997726685,1.99796126401631,2.087728032257292,7.31152398403755,7.474734795376765
13.71980754063861,1.99796126401631,2.082871977521809,7.295043253848224,7.47525567552651
13.61198958155092,1.99796126401631,2.078028059289825,7.278621294564366,7.475795417988682
13.50403600384379,1.99796126401631,2.073196888353836,7.262262331768028,7.476356239837851
13.39594672935073,1.99796126401631,2.068379056662365,7.245970658431678,7.476940518861698
13.28772169740387,1.99796126401631,2.063575126998638,7.229750588615024,7.477550784924555
13.17936086403824,1.99796126401631,2.058785623343906,7.213606412010062,7.47818970960671
13.07086420093401,1.99796126401631,2.054011022035796,7.197542349449136,7.478860093802468
12.96223169409677,1.99796126401631,2.049251743828136,7.18156250953802,7.479564853015258
12.85346334229689,1.99796126401631,2.044508146955871,7.165670846647573,7.48030700016711
12.74455915532235,1.99796126401631,2.039780521305491,7.149871120584575,7.481089625839447
12.63551915203243,1.99796126401631,2.035069083786146,7.134166858353993,7.48191587597749
12.52634335828679,1.99796126401631,2.030373974988073,7.118561318510923,7.48278892721542
12.41703180475815,1.99796126401631,2.025695257202202,7.103057458670404,7.483711960106659
12.30758452468217,1.99796126401631,2.021032913857193,7.087657906788376,7.484688130665331
12.19800155157827,1.99796126401631,2.016386850407788,7.072364936840535,7.485720540733784
12.08828291698956,1.99796126401631,2.011756896681525,7.057180449502945,7.486812207779688
11.97842864828908,1.99796126401631,2.007142810660433,7.042105958377624,7.487966034789307
11.8684387665744,1.99796126401631,2.002544283641474,7.027142582208643,7.489184780956775
11.75831328473032,1.99796126401631,1.997960946685539,7.012291043403551,7.490471033870636
11.64805220565268,1.99796126401631,1.993392378231402,6.99755167301746,7.491827183868591
11.53765552071309,1.99796126401631,1.988838112719506,6.982924422180237,7.493255401171361
11.42712320846294,1.99796126401631,1.984297650042562,6.96840887976112,7.494757616320731
11.31645523362022,1.99796126401631,1.979770465616666,6.954004295878673,7.496335504340554
11.20565154635551,1.99796126401631,1.975256020849268,6.939709610687323,7.497990472918864
11.09471208188552,1.99796126401631,1.970753773769462,6.925523487713689,7.499723654781262
10.98363676038662,1.99796126401631,1.966263189582239,6.911444350883719,7.501535904296733
10.87242548722406,1.99796126401631,1.961783750911624,6.897470424281621,7.503427798233433
10.7610781534886,1.99796126401631,1.957314967507759,6.883599773616776,7.505399640468969
10.64959463682771,1.99796126401631,1.952856385209594,6.869830348347943,7.50745147036142
10.53797480254889,1.99796126401631,1.948407593977021,6.856160023423768,7.509583074406908
10.42621850496562,1.99796126401631,1.943968234833254,6.842586639643805,7.511794000748541
10.31432558895813,1.99796126401631,1.939538005588719,6.829108041720302,7.514083576060523
10.20229589171231,1.99796126401631,1.935116665250734,6.815722113223754,7.516450924309764
10.09012924459421,1.99796126401631,1.930704037057377,6.802426807718498,7.518894986893747
9.97782547512179,1.99796126401631,1.926300010108266,6.789220175532395,7.521414543666003
9.865384408988575,1.99796126401631,1.921904539598194,6.776100385750939,7.524008234386494
9.752805872104545,1.99796126401631,1.917517645690894,6.763065743174653,7.526674580171032
9.640089692598849,1.99796126401631,1.913139411098794,6.750114700124517,7.529412004558591
9.527235702759754,1.99796126401631,1.908769977459859,6.737245863118405,7.532218853865513
9.41424374086364,1.99796126401631,1.904409540624176,6.724457994568836,7.535093416548499
9.301113652858476,1.99796126401631,1.900058344980435,6.71175000976559,7.538033941351927
9.187845293881765,1.99796126401631,1.895716676966045,6.699120969504594,7.541038654067464
9.074438529575673,1.99796126401631,1.891384857914239,6.686570068805399,7.54410577278375
8.960893237177515,1.99796126401631,1.887063236397405,6.674096622223887,7.547233521550009
8.847209306378318,1.99796126401631,1.882752180228422,6.66170004631443,7.550420142418891
8.733386639925811,1.99796126401631,1.878452068281206,6.649379839827923,7.553663905870345
8.619425153970042,1.99796126401631,1.874163282288389,6.637135562249369,7.556963119649513
8.50532477815068,1.99796126401631,1.869886198768435,6.62496681128292,7.560316136077529
8.391085455423308,1.99796126401631,1.865621181226832,6.612873199884404,7.563721357914952
8.323828334334394,0,1.86051872848091,6.601745221725462,7.571596817457869
8.254515358525168,0,1.853774662512146,6.584602371395237,7.579308095966471
8.18320685575145,0,1.847165565672584,6.567783659422744,7.586899097105433
8.109962677401199,0,1.840693436378593,6.551324620664946,7.594399228569129
8.034813467265849,0,1.834355670290369,6.535232538479335,7.601824751843133
7.957764981652872,0,1.828149211692132,6.519504457631858,7.609182312805147
7.878809247984464,0,1.822071512744742,6.504133646233832,7.616472280245391
7.797933803942215,0,1.816120425552242,6.489111499791713,7.623691277332835
7.715127877590021,0,1.810293887721297,6.474428014946723,7.630833968932423
7.630386197907683,0,1.804589666881576,6.460071954726084,7.63789428930089
7.543711217323107,0,1.799005212802827,6.446031030120775,7.64486626914614
7.455114295634303,0,1.793537598247835,6.432292140322358,7.651744577337269
7.364616186836429,0,1.788183517353945,6.418841636508024,7.658524857930917
7.2722470353674,0,1.782939316079134,6.405665571303578,7.665203919160613
7.178046010474645,0,1.777801038326233,6.392749912779252,7.671779814803108
7.082060665650715,0,1.772764478630341,6.380080717277917,7.678251847381734
6.984346089250721,0,1.76782523686478,6.3676442643267,7.684620514904498
6.884963902143681,0,1.762978772742612,6.355427160835687,7.690887418337902
6.783981153531386,0,1.75822045883835,6.343416420898696,7.697055142397485
6.68146916250862,0,1.753545631449458,6.331599527810602,7.70312712037678
6.577502349343376,0,1.74894963845349,6.319964482136363,7.709107491366647
6.472157095747207,0,1.744427883483662,6.308499838795136,7.715000956626493
6.367215144318834,0,1.740003757617542,6.297213554177814,7.720713104351342
6.262968669488146,0,1.735727767901623,6.28629204948775,7.726245813137412
6.159360200238552,0,1.731588966541112,6.275714964625434,7.731619840763299
6.056340907738559,0,1.727569289547376,6.265433337981825,7.736852955451603
5.953852089918655,0,1.72365474360855,6.255411364927864,7.741961400253055
5.851859197162412,0,1.719833933334756,6.245619903764484,7.746958386080767
5.750320193666994,0,1.716097778981908,6.236037157621685,7.751856100894038
5.64922160110018,0,1.712438551336983,6.2266438594766,7.756664043981891
5.548512282746742,0,1.708849676189766,6.217425514872088,7.761392614016888
5.448158618110938,0,1.705324451928598,6.208365530630471,7.766050370385348
5.348136894249365,0,1.701857457036153,6.199450808222351,7.770644586754138
5.248422579774342,0,1.6984440234248,6.1906703717084,7.775181895195703
5.148988027887754,0,1.69507983228103,6.1820140602951,7.779668472625577
5.049823752172415,0,1.69176109712377,6.173472442223538,7.784109088018351
4.950904860049377,0,1.688484629002027,6.165038422927578,7.788508790191948
4.85221331296998,0,1.685247195036035,6.156704084925733,7.792871878417635
4.753740797512364,0,1.682046133031723,6.148462880975792,7.797201826800127
4.655468619176645,0,1.678879112182781,6.140309560629533,7.80150227472819
4.557383223116631,0,1.675743791070058,6.132238364193745,7.805776325017217
4.45947625640656,0,1.672638205920246,6.124244477020759,7.810026579178894
4.361735413495808,0,1.669560619138994,6.116323842368013,7.814255591636272
4.264149765559523,0,1.666509335654257,6.108472312967858,7.818465643911137
4.166709328224897,0,1.663482823990925,6.100686131479083,7.822658787140377
4.069408572071552,0,1.660479741710465,6.092961916845208,7.826836701499125
3.972237739385491,0,1.657498918678766,6.085296934776526,7.831001112367343
3.875187434432519,0,1.654539210758253,6.0776884071178,7.835153592937724
3.77825217992995,0,1.651599650200563,6.070133950611626,7.839295416673067
3.681425886692523,0,1.64867941840031,6.062631652921727,7.843427777578684
3.584701624969057,0,1.645777625312405,6.055179279152165,7.847551810599212
3.48807003980528,0,1.642893154575459,6.047773764231875,7.851668672052337
3.3915296029827,0,1.640024647063892,6.04041079451894,7.855779082362265
3.295074896171172,0,1.637170617550279,6.033085658055786,7.859883866614188
3.198699381310689,0,1.634329424998171,6.025793039411175,7.863983833524714
3.102394459863717,0,1.631499779632555,6.018528926495367,7.868079823997479
3.00615961018957,0,1.628681453811265,6.011292889018724,7.872172259792036
2.909991069233001,0,1.625875985378185,6.00409109218396,7.876261666461922
2.813883536531648,0,1.623086794031267,5.996936690220309,7.880348604661233
2.717830175376548,0,1.620319026678416,5.989849279608372,7.884433679104241
2.621825717492356,0,1.617578628858677,5.982851379315185,7.888517405939645
2.525870636288346,0,1.614870604821211,5.97596185926145,7.892600028447458
2.429961987722891,0,1.612196530505364,5.969187041077762,7.896681930796541
2.334095637445898,0,1.609551588328737,5.962509594202587,7.900763526191449
2.238266798301993,0,1.606922290563015,5.955880004444905,7.904845215689652
2.142470806816164,0,1.604284932915457,5.949210709290153,7.908927327381296
2.046703621734196,0,1.601605843403928,5.942376885404346,7.913010067118908
1.950966427184539,0,1.598843513301714,5.935224081565651,7.917093278869059
1.855257568651723,0,1.59595427444097,5.92758949815124,7.921176797250913
1.759575051091815,0,1.592900537668236,5.919332491104534,7.925260328583978
1.663916296736716,0,1.589664514999775,5.910385698181857,7.929343513559179
1.568278283339168,0,1.586262190081615,5.900807245836302,7.933425987103003
1.472657725972567,0,1.582758834923629,5.890838946062965,7.937507535730365
1.377051239916,0,1.579268521010356,5.880905024032455,7.941588194065359
1.281455464436476,0,1.575952930067213,5.871608312545433,7.945668452643025
1.185869292004099,0,1.572981274019773,5.863581198247378,7.949749117248569
1.090292852221864,0,1.570514190468337,5.857425744726021,7.953831463708264
0.9947247211257491,0,1.568629724534593,5.853437207058867,7.957916969782747
0.8991627849936776,0,1.567348366314709,5.851696611154114,7.962007178424219
0.8036043909878572,0,1.566579612455435,5.851870078089113,7.966103016942515
0.7080466750112464,0,1.566323884381988,5.853962411891173,7.970204817937486
0.6124869267023314,0,1.566569381184985,5.857932093022536,7.974312063969786
0.5169236644696866,0,1.567504105137503,5.864484283577551,7.978423221704566
0.4213583653627211,0,1.56997569227454,5.876795286736074,7.982537432729795
0.3257903666990387,0,1.575587467661002,5.900880721146158,7.986657169811239
0.2302207015609383,0,1.587152128667231,5.947306099243207,7.990792334677461
0.1346491786707702,0,1.609070990140336,6.03262551105611,7.994966144951379
0.03907587537469226,0,1.647130153761568,6.178638729565545,7.999220337764496
