time,deltaO,
0,-35.19
0.05,-35.19
0.05,-34.83
0.1,-34.83
0.1,-35.05
0.15,-35.05
0.15,-35.45
0.2,-35.45
0.2,-35.42
0.25,-35.42
0.25,-35.63
0.3,-35.63
0.3,-35.8
0.35,-35.8
0.35,-35.62
0.4,-35.62
0.4,-35.48
0.45,-35.48
0.45,-35.36
0.5,-35.36
0.5,-35.41
0.55,-35.41
0.55,-35.1
0.6,-35.1
0.6,-35.27
0.65,-35.27
0.65,-35.67
0.7000000000000001,-35.67
0.7000000000000001,-35.33
0.75,-35.33
0.75,-35.38
0.8,-35.38
0.8,-35.63
0.85,-35.63
0.85,-35.49
0.9,-35.49
0.9,-35.3
0.9500000000000001,-35.3
0.9500000000000001,-35.66
1,-35.66
1,-35.01
1.05,-35.01
1.05,-35.09
1.1,-35.09
1.1,-35.58
1.15,-35.58
1.15,-35.51
1.2,-35.51
1.2,-35.34
1.25,-35.34
1.25,-35.27
1.3,-35.27
1.3,-35.26
1.35,-35.26
1.35,-35.09
1.4,-35.09
1.4,-35.2
1.45,-35.2
1.45,-35.09
1.5,-35.09
1.5,-35.68
1.55,-35.68
1.55,-35.42
1.6,-35.42
1.6,-34.84
1.65,-34.84
1.65,-35.68
1.7,-35.68
1.7,-35.22
1.75,-35.22
1.75,-35.72
1.8,-35.72
1.8,-35.43
1.85,-35.43
1.85,-35.19
1.9,-35.19
1.9,-34.66
1.95,-34.66
1.95,-35.03
2,-35.03
2,-35
2.05,-35
2.05,-35.12
2.1,-35.12
2.1,-35.19
2.15,-35.19
2.15,-35.6
2.2,-35.6
2.2,-35.33
2.25,-35.33
2.25,-34.77
2.3,-34.77
2.3,-34.99
2.35,-34.99
2.35,-35.1
2.4,-35.1
2.4,-34.93
2.45,-34.93
2.45,-35.65
2.5,-35.65
2.5,-35.25
2.55,-35.25
2.55,-35.11
2.6,-35.11
2.6,-35.29
2.65,-35.29
2.65,-35.32
2.7,-35.32
2.7,-35.19
2.75,-35.19
2.75,-34.86
2.8,-34.86
2.8,-34.96
2.85,-34.96
2.85,-35.14
2.9,-35.14
2.9,-35.03
2.95,-35.03
2.95,-34.64
3,-34.64
3,-34.98
3.05,-34.98
3.05,-35.19
3.1,-35.19
3.1,-34.91
3.15,-34.91
3.15,-35.02
3.2,-35.02
3.2,-35.17
3.25,-35.17
3.25,-35.08
3.3,-35.08
3.3,-35.15
3.35,-35.15
3.35,-34.91
3.4,-34.91
3.4,-34.81
3.45,-34.81
3.45,-35.07
3.5,-35.07
3.5,-35
3.55,-35
3.55,-34.96
3.6,-34.96
3.6,-35.13
3.65,-35.13
3.65,-34.49
3.7,-34.49
3.7,-34.63
3.75,-34.63
3.75,-35.06
3.8,-35.06
3.8,-35.05
3.85,-35.05
3.85,-35.21
3.9,-35.21
3.9,-35.11
3.95,-35.11
3.95,-35.07
4,-35.07
4,-34.73
4.05,-34.73
4.05,-35.02
4.1,-35.02
4.1,-35.25
4.15,-35.25
4.15,-34.96
4.2,-34.96
4.2,-34.65
4.25,-34.65
4.25,-35.19
4.3,-35.19
4.3,-34.65
4.350000000000001,-34.65
4.350000000000001,-35.1
4.4,-35.1
4.4,-34.99
4.45,-34.99
4.45,-34.65
4.5,-34.65
4.5,-35
4.55,-35
4.55,-34.45
4.600000000000001,-34.45
4.600000000000001,-34.87
4.65,-34.87
4.65,-35.05
4.7,-35.05
4.7,-34.78
4.75,-34.78
4.75,-34.6
4.8,-34.6
4.8,-34.85
4.850000000000001,-34.85
4.850000000000001,-34.74
4.9,-34.74
4.9,-34.4
4.95,-34.4
4.95,-34.72
5,-34.72
5,-34.76
5.05,-34.76
5.05,-34.65
5.100000000000001,-34.65
5.100000000000001,-34.98
5.15,-34.98
5.15,-34.41
5.2,-34.41
5.2,-34.68
5.25,-34.68
5.25,-35.09
5.3,-35.09
5.3,-34.97
5.350000000000001,-34.97
5.350000000000001,-35.02
5.4,-35.02
5.4,-34.64
5.45,-34.64
5.45,-34.56
5.5,-34.56
5.5,-34.51
5.55,-34.51
5.55,-34.82
5.600000000000001,-34.82
5.600000000000001,-34.63
5.65,-34.63
5.65,-35.09
5.7,-35.09
5.7,-34.75
5.75,-34.75
5.75,-34.62
5.8,-34.62
5.8,-34.82
5.850000000000001,-34.82
5.850000000000001,-34.22
5.9,-34.22
5.9,-34.73
5.95,-34.73
5.95,-34.96
6,-34.96
6,-34.93
6.05,-34.93
6.05,-34.83
6.100000000000001,-34.83
6.100000000000001,-34.4
6.15,-34.4
6.15,-34.81
6.2,-34.81
6.2,-34.77
6.25,-34.77
6.25,-34.8
6.3,-34.8
6.3,-34.78
6.350000000000001,-34.78
6.350000000000001,-34.65
6.4,-34.65
6.4,-34.35
6.45,-34.35
6.45,-34.55
6.5,-34.55
6.5,-35.08
6.55,-35.08
6.55,-34.47
6.600000000000001,-34.47
6.600000000000001,-34.61
6.65,-34.61
6.65,-34.54
6.7,-34.54
6.7,-34.51
6.75,-34.51
6.75,-34.72
6.8,-34.72
6.8,-34.66
6.850000000000001,-34.66
6.850000000000001,-34.54
6.9,-34.54
6.9,-34.77
6.95,-34.77
6.95,-34.6
7,-34.6
7,-34.79
7.05,-34.79
7.05,-34.7
7.100000000000001,-34.7
7.100000000000001,-34.81
7.15,-34.81
7.15,-34.82
7.2,-34.82
7.2,-34.61
7.25,-34.61
7.25,-34.91
7.3,-34.91
7.3,-34.69
7.350000000000001,-34.69
7.350000000000001,-34.43
7.4,-34.43
7.4,-34.41
7.45,-34.41
7.45,-34.52
7.5,-34.52
7.5,-34.69
7.55,-34.69
7.55,-34.23
7.600000000000001,-34.23
7.600000000000001,-34.33
7.65,-34.33
7.65,-34.39
7.7,-34.39
7.7,-34.42
7.75,-34.42
7.75,-34.06
7.8,-34.06
7.8,-34.25
7.850000000000001,-34.25
7.850000000000001,-34.89
7.9,-34.89
7.9,-34.54
7.95,-34.54
7.95,-34.13
8,-34.13
8,-34.63
8.050000000000001,-34.63
8.050000000000001,-34.65
8.1,-34.65
8.1,-35.51
8.15,-35.51
8.15,-35.98
8.199999999999999,-35.98
8.199999999999999,-35.39
8.25,-35.39
8.25,-34.6
8.300000000000001,-34.6
8.300000000000001,-34.69
8.35,-34.69
8.35,-35.13
8.4,-35.13
8.4,-34.77
8.449999999999999,-34.77
8.449999999999999,-34.6
8.5,-34.6
8.5,-34.71
8.550000000000001,-34.71
8.550000000000001,-34.46
8.6,-34.46
8.6,-35.12
8.65,-35.12
8.65,-34.75
8.700000000000001,-34.75
8.700000000000001,-34.82
8.75,-34.82
8.75,-35.05
8.800000000000001,-35.05
8.800000000000001,-34.67
8.85,-34.67
8.85,-34.3
8.9,-34.3
8.9,-34.71
8.950000000000001,-34.71
8.950000000000001,-34.66
9,-34.66
9,-35.22
9.050000000000001,-35.22
9.050000000000001,-34.78
9.1,-34.78
9.1,-34.49
9.15,-34.49
9.15,-34.81
9.200000000000001,-34.81
9.200000000000001,-35.48
9.25,-35.48
9.25,-35.41
9.300000000000001,-35.41
9.300000000000001,-34.78
9.35,-34.78
9.35,-34.87
9.4,-34.87
9.4,-35.12
9.450000000000001,-35.12
9.450000000000001,-34.83
9.5,-34.83
9.5,-34.91
9.550000000000001,-34.91
9.550000000000001,-34.86
9.6,-34.86
9.6,-34.86
9.65,-34.86
9.65,-34.7
9.700000000000001,-34.7
9.700000000000001,-34.64
9.75,-34.64
9.75,-35.15
9.800000000000001,-35.15
9.800000000000001,-34.99
9.85,-34.99
9.85,-35.13
9.9,-35.13
9.9,-34.93
9.950000000000001,-34.93
9.950000000000001,-35.29
10,-35.29
10,-35.25
10.05,-35.25
10.05,-35.24
10.1,-35.24
10.1,-35.38
10.15,-35.38
10.15,-36.27
10.2,-36.27
10.2,-35.73
10.25,-35.73
10.25,-36.18
10.3,-36.18
10.3,-36.22
10.35,-36.22
10.35,-36.09
10.4,-36.09
10.4,-35.7
10.45,-35.7
10.45,-35.9
10.5,-35.9
10.5,-36.3
10.55,-36.3
10.55,-35.62
10.6,-35.62
10.6,-36.17
10.65,-36.17
10.65,-36.31
10.7,-36.31
10.7,-36.54
10.75,-36.54
10.75,-37.36
10.8,-37.36
10.8,-37.23
10.85,-37.23
10.85,-36.99
10.9,-36.99
10.9,-36.7
10.95,-36.7
10.95,-36.78
11,-36.78
11,-36.73
11.05,-36.73
11.05,-37.48
11.1,-37.48
11.1,-36.51
11.15,-36.51
11.15,-36.96
11.2,-36.96
11.2,-37.44
11.25,-37.44
11.25,-37.98
11.3,-37.98
11.3,-38.03
11.35,-38.03
11.35,-37.13
11.4,-37.13
11.4,-36.77
11.45,-36.77
11.45,-36.7
11.5,-36.7
11.5,-38.99
11.55,-38.99
11.55,-40.22
11.6,-40.22
11.6,-40.22
11.65,-40.22
11.65,-39.71
11.7,-39.71
11.7,-40.84
11.75,-40.84
11.75,-41.04
11.8,-41.04
11.8,-40.41
11.85,-40.41
11.85,-39.95
11.9,-39.95
11.9,-41.22
11.95,-41.22
11.95,-41.38
12,-41.38
12,-40.63
12.05,-40.63
12.05,-40.39
12.1,-40.39
12.1,-40.76
12.15,-40.76
12.15,-41.37
12.2,-41.37
12.2,-40.97
12.25,-40.97
12.25,-41.06
12.3,-41.06
12.3,-40.54
12.35,-40.54
12.35,-40.82
12.4,-40.82
12.4,-41.67
12.45,-41.67
12.45,-41.11
12.5,-41.11
12.5,-42.21
12.55,-42.21
12.55,-40.86
12.6,-40.86
12.6,-40.18
12.65,-40.18
12.65,-39.53
12.7,-39.53
12.7,-39.03
12.75,-39.03
12.75,-38.76
12.8,-38.76
12.8,-39.38
12.85,-39.38
12.85,-39.88
12.9,-39.88
12.9,-40.07
12.95,-40.07
12.95,-41.07
13,-41.07
13,-40.05
13.05,-40.05
13.05,-40.2
13.1,-40.2
13.1,-39.07
13.15,-39.07
13.15,-39.19
13.2,-39.19
13.2,-38.57
13.25,-38.57
13.25,-38.44
13.3,-38.44
13.3,-38.61
13.35,-38.61
13.35,-38.01
13.4,-38.01
13.4,-38.52
13.45,-38.52
13.45,-39.25
13.5,-39.25
13.5,-39.77
13.55,-39.77
13.55,-38.74
13.6,-38.74
13.6,-38.25
13.65,-38.25
13.65,-39.08
13.7,-39.08
13.7,-38.38
13.75,-38.38
13.75,-38.08
13.8,-38.08
13.8,-38.39
13.85,-38.39
13.85,-39.46
13.9,-39.46
13.9,-40.11
13.95,-40.11
13.95,-39.71
14,-39.71
14,-38.25
14.05,-38.25
14.05,-38.14
14.1,-38.14
14.1,-37.89
14.15,-37.89
14.15,-37.59
14.2,-37.59
14.2,-37.21
14.25,-37.21
14.25,-37.17
14.3,-37.17
14.3,-36.95
14.35,-36.95
14.35,-37.29
14.4,-37.29
14.4,-36.26
14.45,-36.26
14.45,-36.25
14.5,-36.25
14.5,-36.4
14.55,-36.4
14.55,-37.47
14.6,-37.47
14.6,-40.06
14.65,-40.06
14.65,-41.75
14.7,-41.75
14.7,-40.58
14.75,-40.58
14.75,-41.6
14.8,-41.6
14.8,-41.13
14.85,-41.13
14.85,-41.56
14.9,-41.56
14.9,-42.31
14.95,-42.31
14.95,-42.03
15,-42.03
15,-42.06
15.05,-42.06
15.05,-42.01
15.1,-42.01
15.1,-42.23
15.15,-42.23
15.15,-42.55
15.2,-42.55
15.2,-40.78
15.25,-40.78
15.25,-42.38
15.3,-42.38
15.3,-42
15.35,-42
15.35,-42.55
15.4,-42.55
15.4,-43.48
15.45,-43.48
15.45,-42.76
15.5,-42.76
15.5,-41.94
15.55,-41.94
15.55,-43.63
15.6,-43.63
15.6,-43.29
15.65,-43.29
15.65,-41.41
15.7,-41.41
15.7,-41.92
15.75,-41.92
15.75,-41.69
15.8,-41.69
15.8,-41.88
15.85,-41.88
15.85,-41.53
15.9,-41.53
15.9,-43.56
15.95,-43.56
15.95,-42.18
16,-42.18
16,-42.41
16.05,-42.41
16.05,-41.45
16.1,-41.45
16.1,-42.01
16.15,-42.01
16.15,-41.61
16.2,-41.61
16.2,-41.68
16.25,-41.68
16.25,-40.8
16.3,-40.8
16.3,-41
16.35,-41
16.35,-41.82
16.4,-41.82
16.4,-41.36
16.45,-41.36
16.45,-41.17
16.5,-41.17
16.5,-40.44
16.55,-40.44
16.55,-40.31
16.6,-40.31
16.6,-41.9
16.65,-41.9
16.65,-41.28
16.7,-41.28
16.7,-40.42
16.75,-40.42
16.75,-40.42
16.8,-40.42
16.8,-40.45
16.85,-40.45
16.85,-40.99
16.9,-40.99
16.9,-40.76
16.95,-40.76
16.95,-41.02
17,-41.02
17,-42.02
17.05,-42.02
17.05,-41.14
17.1,-41.14
17.1,-40.27
17.15,-40.27
17.15,-40.18
17.2,-40.18
17.2,-41.44
17.25,-41.44
17.25,-40.66
17.3,-40.66
17.3,-41.15
17.35,-41.15
17.35,-41.88
17.4,-41.88
17.4,-42.16
17.45,-42.16
17.45,-42.6
17.5,-42.6
17.5,-41.8
17.55,-41.8
17.55,-42.53
17.6,-42.53
17.6,-41.83
17.65,-41.83
17.65,-41.35
17.7,-41.35
17.7,-42.07
17.75,-42.07
17.75,-42.47
17.8,-42.47
17.8,-42.63
17.85,-42.63
17.85,-42.35
17.9,-42.35
17.9,-42.25
17.95,-42.25
17.95,-41.69
18,-41.69
18,-40.73
18.05,-40.73
18.05,-41.66
18.1,-41.66
18.1,-40.93
18.15,-40.93
18.15,-41.45
18.2,-41.45
18.2,-42.09
18.25,-42.09
18.25,-41.28
18.3,-41.28
18.3,-41.04
18.35,-41.04
18.35,-41.89
18.4,-41.89
18.4,-41.32
18.45,-41.32
18.45,-42.19
18.5,-42.19
18.5,-41.71
18.55,-41.71
18.55,-42.34
18.6,-42.34
18.6,-42.48
18.65,-42.48
18.65,-42.31
18.7,-42.31
18.7,-41.37
18.75,-41.37
18.75,-42.18
18.8,-42.18
18.8,-42.82
18.85,-42.82
18.85,-41.26
18.9,-41.26
18.9,-41.97
18.95,-41.97
18.95,-41.52
19,-41.52
19,-41.13
19.05,-41.13
19.05,-41.05
19.1,-41.05
19.1,-41.36
19.15,-41.36
19.15,-42.82
19.2,-42.82
19.2,-40.88
19.25,-40.88
19.25,-40.98
19.3,-40.98
19.3,-42.6
19.35,-42.6
19.35,-41.77
19.4,-41.77
19.4,-42.57
19.45,-42.57
19.45,-42.18
19.5,-42.18
19.5,-42.22
19.55,-42.22
19.55,-41.73
19.6,-41.73
19.6,-42.29
19.65,-42.29
19.65,-42.01
19.7,-42.01
19.7,-42.9
19.75,-42.9
19.75,-43.2
19.8,-43.2
19.8,-43.34
19.85,-43.34
19.85,-42.38
19.9,-42.38
19.9,-42.76
19.95,-42.76
19.95,-43.87
20,-43.87
20,-42.03
20.05,-42.03
20.05,-41.01
20.1,-41.01
20.1,-41.79
20.15,-41.79
20.15,-42.28
20.2,-42.28
20.2,-42.11
20.25,-42.11
20.25,-42.7
20.3,-42.7
20.3,-42.49
20.35,-42.49
20.35,-42.75
20.4,-42.75
20.4,-44.28
20.45,-44.28
20.45,-42.61
20.5,-42.61
20.5,-43.15
20.55,-43.15
20.55,-42.06
20.6,-42.06
20.6,-42.96
20.65,-42.96
20.65,-43.29
20.7,-43.29
20.7,-42.14
20.75,-42.14
20.75,-42.41
20.8,-42.41
20.8,-42.77
20.85,-42.77
20.85,-42.07
20.9,-42.07
20.9,-43.05
20.95,-43.05
20.95,-42.14
21,-42.14
21,-41.71
21.05,-41.71
21.05,-42.65
21.1,-42.65
21.1,-42.95
21.15,-42.95
21.15,-43.75
21.2,-43.75
21.2,-42.91
21.25,-42.91
21.25,-43.28
21.3,-43.28
21.3,-42.36
21.35,-42.36
21.35,-41.85
21.4,-41.85
21.4,-42.83
21.45,-42.83
21.45,-41.87
21.5,-41.87
21.5,-42.03
21.55,-42.03
21.55,-41.59
21.6,-41.59
21.6,-41.56
21.65,-41.56
21.65,-42.14
21.7,-42.14
21.7,-42.34
21.75,-42.34
21.75,-42.9
21.8,-42.9
21.8,-42.4
21.85,-42.4
21.85,-42.31
21.9,-42.31
21.9,-43.01
21.95,-43.01
21.95,-42.24
22,-42.24
22,-42.38
22.05,-42.38
22.05,-43.48
22.1,-43.48
22.1,-41.22
22.15,-41.22
22.15,-41.2
22.2,-41.2
22.2,-42.49
22.25,-42.49
22.25,-41.87
22.3,-41.87
22.3,-41.18
22.35,-41.18
22.35,-42.27
22.4,-42.27
22.4,-42.11
22.45,-42.11
22.45,-42.76
22.5,-42.76
22.5,-42.47
22.55,-42.47
22.55,-41.76
22.6,-41.76
22.6,-41.07
22.65,-41.07
22.65,-39.76
22.7,-39.76
22.7,-41.92
22.75,-41.92
22.75,-43.46
22.8,-43.46
22.8,-42
22.85,-42
22.85,-43.68
22.9,-43.68
22.9,-43.61
22.95,-43.61
22.95,-43.77
23,-43.77
23,-43.67
23.05,-43.67
23.05,-44.07
23.1,-44.07
23.1,-43.12
23.15,-43.12
23.15,-43.72
23.2,-43.72
23.2,-44.19
23.25,-44.19
23.25,-43.53
23.3,-43.53
23.3,-43.57
23.35,-43.57
23.35,-42.65
23.4,-42.65
23.4,-43.14
23.45,-43.14
23.45,-43.74
23.5,-43.74
23.5,-43.55
23.55,-43.55
23.55,-43.82
23.6,-43.82
23.6,-44.32
23.65,-44.32
23.65,-43.8
23.7,-43.8
23.7,-42.62
23.75,-42.62
23.75,-43.54
23.8,-43.54
23.8,-43.41
23.85,-43.41
23.85,-43.5
23.9,-43.5
23.9,-43.2
23.95,-43.2
23.95,-42.7
24,-42.7
24,-43.6
24.05,-43.6
24.05,-44.23
24.1,-44.23
24.1,-43.04
24.15,-43.04
24.15,-43.84
24.2,-43.84
24.2,-44.06
24.25,-44.06
24.25,-43.89
24.3,-43.89
24.3,-44.49
24.35,-44.49
24.35,-42.67
24.4,-42.67
24.4,-42.74
24.45,-42.74
24.45,-43.43
24.5,-43.43
24.5,-44.21
24.55,-44.21
24.55,-43.39
24.6,-43.39
24.6,-42.79
24.65,-42.79
24.65,-44
24.7,-44
24.7,-43.45
24.75,-43.45
24.75,-42.93
24.8,-42.93
24.8,-44.13
24.85,-44.13
24.85,-44.86
24.9,-44.86
24.9,-42.36
24.95,-42.36
24.95,-43.39
25,-43.39
25,-43.44
25.05,-43.44
25.05,-44.56
25.1,-44.56
25.1,-44.76
25.15,-44.76
25.15,-44.18
25.2,-44.18
25.2,-43.73
25.25,-43.73
25.25,-44.76
25.3,-44.76
25.3,-44.37
25.35,-44.37
25.35,-43.45
25.4,-43.45
25.4,-43.45
25.45,-43.45
25.45,-44.76
25.5,-44.76
25.5,-42.46
25.55,-42.46
25.55,-43.24
25.6,-43.24
25.6,-42.27
25.65,-42.27
25.65,-42.76
25.7,-42.76
25.7,-43.18
25.75,-43.18
25.75,-42.79
25.8,-42.79
25.8,-42.67
25.85,-42.67
25.85,-42.44
25.9,-42.44
25.9,-42.94
25.95,-42.94
25.95,-43.79
26,-43.79
26,-45.62
26.05,-45.62
26.05,-44.4
26.1,-44.4
26.1,-43.54
26.15,-43.54
26.15,-43.17
26.2,-43.17
26.2,-43.36
26.25,-43.36
26.25,-44.16
26.3,-44.16
26.3,-44.07
26.35,-44.07
26.35,-43.23
26.4,-43.23
26.4,-43.91
26.45,-43.91
26.45,-43.47
26.5,-43.47
26.5,-42.54
26.55,-42.54
26.55,-43.97
26.6,-43.97
26.6,-43.97
26.65,-43.97
26.65,-42.36
26.7,-42.36
26.7,-42.63
26.75,-42.63
26.75,-43.45
26.8,-43.45
26.8,-43.35
26.85,-43.35
26.85,-43.08
26.9,-43.08
26.9,-44.06
26.95,-44.06
26.95,-44.4
27,-44.4
27,-44.58
27.05,-44.58
27.05,-43.61
27.1,-43.61
27.1,-43.03
27.15,-43.03
27.15,-41.42
27.2,-41.42
27.2,-40.72
27.25,-40.72
27.25,-39.62
27.3,-39.62
27.3,-39.4
27.35,-39.4
27.35,-38.37
27.4,-38.37
27.4,-43.2
27.45,-43.2
27.45,-43.72
27.5,-43.72
27.5,-43.82
27.55,-43.82
27.55,-43.85
27.6,-43.85
27.6,-44.84
27.65,-44.84
27.65,-44.2
27.7,-44.2
27.7,-44.58
27.75,-44.58
27.75,-44.05
27.8,-44.05
27.8,-44.15
27.85,-44.15
27.85,-44.48
27.9,-44.48
27.9,-43.75
27.95,-43.75
27.95,-44.7
28,-44.7
28,-43.59
28.05,-43.59
28.05,-43.78
28.1,-43.78
28.1,-44.28
28.15,-44.28
28.15,-43.2
28.2,-43.2
28.2,-43.23
28.25,-43.23
28.25,-40.58
28.3,-40.58
28.3,-40.33
28.35,-40.33
28.35,-40.45
28.4,-40.45
28.4,-40.36
28.45,-40.36
28.45,-39.02
28.5,-39.02
28.5,-40.23
28.55,-40.23
28.55,-42.5
28.6,-42.5
28.6,-43.6
28.65,-43.6
28.65,-44.37
28.7,-44.37
28.7,-44.08
28.75,-44.08
28.75,-44.54
28.8,-44.54
28.8,-43.71
28.85,-43.71
28.85,-44.13
28.9,-44.13
28.9,-44.32
28.95,-44.32
28.95,-43.65
29,-43.65
29,-43.51
29.05,-43.51
29.05,-44.14
29.1,-44.14
29.1,-45.07
29.15,-45.07
29.15,-44.35
29.2,-44.35
29.2,-45.82
29.25,-45.82
29.25,-44.57
29.3,-44.57
29.3,-45.22
29.35,-45.22
29.35,-44.39
29.4,-44.39
29.4,-44.15
29.45,-44.15
29.45,-44.31
29.5,-44.31
29.5,-44.51
29.55,-44.51
29.55,-44.06
29.6,-44.06
29.6,-43.98
29.65,-43.98
29.65,-44.83
29.7,-44.83
29.7,-44.47
29.75,-44.47
29.75,-45.11
29.8,-45.11
29.8,-44.22
29.85,-44.22
29.85,-44.37
29.9,-44.37
29.9,-45.09
29.95,-45.09
29.95,-43.74
30,-43.74
30,-44.04
30.05,-44.04
30.05,-44.88
30.1,-44.88
30.1,-43.76
30.15,-43.76
30.15,-43.35
30.2,-43.35
30.2,-43.83
30.25,-43.83
30.25,-42.23
30.3,-42.23
30.3,-42.37
30.35,-42.37
30.35,-43
30.4,-43
30.4,-43.85
30.45,-43.85
30.45,-43.12
30.5,-43.12
30.5,-43.65
30.55,-43.65
30.55,-44.24
30.6,-44.24
30.6,-44.21
30.65,-44.21
30.65,-43.66
30.7,-43.66
30.7,-43.89
30.75,-43.89
30.75,-43.58
30.8,-43.58
30.8,-43.28
30.85,-43.28
30.85,-44.29
30.9,-44.29
30.9,-44.13
30.95,-44.13
30.95,-43.22
31,-43.22
31,-43.74
31.05,-43.74
31.05,-44.21
31.1,-44.21
31.1,-43.46
31.15,-43.46
31.15,-43.08
31.2,-43.08
31.2,-44.4
31.25,-44.4
31.25,-43.69
31.3,-43.69
31.3,-44.02
31.35,-44.02
31.35,-43.95
31.4,-43.95
31.4,-43.09
31.45,-43.09
31.45,-43.68
31.5,-43.68
31.5,-43.39
31.55,-43.39
31.55,-44.07
31.6,-44.07
31.6,-43.65
31.65,-43.65
31.65,-43.96
31.7,-43.96
31.7,-43.4
31.75,-43.4
31.75,-43.57
31.8,-43.57
31.8,-41.55
31.85,-41.55
31.85,-41.7
31.9,-41.7
31.9,-40.61
31.95,-40.61
31.95,-40.3
32,-40.3
32,-40.43
32.05,-40.43
32.05,-40.4
32.1,-40.4
32.1,-39.94
32.15,-39.94
32.15,-39.88
32.2,-39.88
32.2,-38.92
32.25,-38.92
32.25,-42.28
32.3,-42.28
32.3,-43.91
32.35,-43.91
32.35,-43.81
32.4,-43.81
32.4,-44.18
32.45,-44.18
32.45,-44.26
32.5,-44.26
32.5,-43.77
32.55,-43.77
32.55,-44.17
32.6,-44.17
32.6,-44.69
32.65,-44.69
32.65,-45.14
32.7,-45.14
32.7,-43.84
32.75,-43.84
32.75,-42.97
32.8,-42.97
32.8,-43.48
32.85,-43.48
32.85,-43.68
32.9,-43.68
32.9,-43.81
32.95,-43.81
32.95,-43.26
33,-43.26
33,-43.21
33.05,-43.21
33.05,-43.56
33.1,-43.56
33.1,-44.19
33.15,-44.19
33.15,-43.14
33.2,-43.14
33.2,-41.1
33.25,-41.1
33.25,-40.38
33.3,-40.38
33.3,-39.92
33.35,-39.92
33.35,-39.66
33.4,-39.66
33.4,-39.82
33.45,-39.82
33.45,-39.78
33.5,-39.78
33.5,-39.03
33.55,-39.03
33.55,-41.04
33.6,-41.04
33.6,-41.91
33.65,-41.91
33.65,-42.7
33.7,-42.7
33.7,-42.73
33.75,-42.73
33.75,-43.26
33.8,-43.26
33.8,-43.32
33.85,-43.32
33.85,-42.49
33.9,-42.49
33.9,-42.92
33.95,-42.92
33.95,-42.72
34,-42.72
34,-42.85
34.05,-42.85
34.05,-42.59
34.1,-42.59
34.1,-43.38
34.15,-43.38
34.15,-43.09
34.2,-43.09
34.2,-42.81
34.25,-42.81
34.25,-42.61
34.3,-42.61
34.3,-42.97
34.35,-42.97
34.35,-43.38
34.4,-43.38
34.4,-42.98
34.45,-42.98
34.45,-41.93
34.5,-41.93
34.5,-42.2
34.55,-42.2
34.55,-40.05
34.6,-40.05
34.6,-40.5
34.65,-40.5
34.65,-40.4
34.7,-40.4
34.7,-40.77
34.75,-40.77
34.75,-41.17
34.8,-41.17
34.8,-40.99
34.85,-40.99
34.85,-40.3
34.9,-40.3
34.9,-39.35
34.95,-39.35
34.95,-40.17
35,-40.17
35,-39.67
35.05,-39.67
35.05,-39.8
35.1,-39.8
35.1,-39.36
35.15,-39.36
35.15,-39.51
35.2,-39.51
35.2,-39.24
35.25,-39.24
35.25,-38.78
35.3,-38.78
35.3,-38.63
35.35,-38.63
35.35,-39.86
35.4,-39.86
35.4,-42.62
35.45,-42.62
35.45,-42.74
35.5,-42.74
35.5,-42.83
35.55,-42.83
35.55,-42.6
35.6,-42.6
35.6,-41.95
35.65,-41.95
35.65,-42.58
35.7,-42.58
35.7,-43.43
35.75,-43.43
35.75,-44.52
35.8,-44.52
35.8,-44.52
35.85,-44.52
35.85,-42.59
35.9,-42.59
35.9,-43.13
35.95,-43.13
35.95,-43.32
36,-43.32
36,-42.93
36.05,-42.93
36.05,-42.81
36.1,-42.81
36.1,-42.43
36.15,-42.43
36.15,-42.75
36.2,-42.75
36.2,-43.32
36.25,-43.32
36.25,-42.88
36.3,-42.88
36.3,-42
36.35,-42
36.35,-43.06
36.4,-43.06
36.4,-42.12
36.45,-42.12
36.45,-41.75
36.5,-41.75
36.5,-43.23
36.55,-43.23
36.55,-42.21
36.6,-42.21
36.6,-40.82
36.65,-40.82
36.65,-41.05
36.7,-41.05
36.7,-41.09
36.75,-41.09
36.75,-41.26
36.8,-41.26
36.8,-40.4
36.85,-40.4
36.85,-41.54
36.9,-41.54
36.9,-41.31
36.95,-41.31
36.95,-41.52
37,-41.52
37,-41.01
37.05,-41.01
37.05,-41.33
37.1,-41.33
37.1,-40.96
37.15,-40.96
37.15,-40.21
37.2,-40.21
37.2,-40.02
37.25,-40.02
37.25,-39.59
37.3,-39.59
37.3,-39.93
37.35,-39.93
37.35,-39.28
37.4,-39.28
37.4,-40.29
37.45,-40.29
37.45,-40.21
37.5,-40.21
37.5,-38.77
37.55,-38.77
37.55,-39.28
37.6,-39.28
37.6,-38.74
37.65,-38.74
37.65,-39.15
37.7,-39.15
37.7,-38.9
37.75,-38.9
37.75,-38.71
37.8,-38.71
37.8,-39.04
37.85,-39.04
37.85,-39.12
37.9,-39.12
37.9,-39.03
37.95,-39.03
37.95,-39.41
38,-39.41
38,-39.05
38.05,-39.05
38.05,-38.64
38.1,-38.64
38.1,-38.5
38.15,-38.5
38.15,-38.97
38.2,-38.97
38.2,-38.2
38.25,-38.2
38.25,-38.13
38.3,-38.13
38.3,-38.99
38.35,-38.99
38.35,-41.76
38.4,-41.76
38.4,-42.3
38.45,-42.3
38.45,-42.78
38.5,-42.78
38.5,-42.26
38.55,-42.26
38.55,-42.15
38.6,-42.15
38.6,-42.76
38.65,-42.76
38.65,-42.81
38.7,-42.81
38.7,-42.71
38.75,-42.71
38.75,-42.77
38.8,-42.77
38.8,-43.71
38.85,-43.71
38.85,-43.21
38.9,-43.21
38.9,-43.19
38.95,-43.19
38.95,-43.09
39,-43.09
39,-42.63
39.05,-42.63
39.05,-42.5
39.1,-42.5
39.1,-42.11
39.15,-42.11
39.15,-43.91
39.2,-43.91
39.2,-43.54
39.25,-43.54
39.25,-44.16
39.3,-44.16
39.3,-43.05
39.35,-43.05
39.35,-43.27
39.4,-43.27
39.4,-43.62
39.45,-43.62
39.45,-43.35
39.5,-43.35
39.5,-43.03
39.55,-43.03
39.55,-43.57
39.6,-43.57
39.6,-42.66
39.65,-42.66
39.65,-43.49
39.7,-43.49
39.7,-43.67
39.75,-43.67
39.75,-42.01
39.8,-42.01
39.8,-43.88
39.85,-43.88
39.85,-42.68
39.9,-42.68
39.9,-42.96
39.95,-42.96
39.95,-43.24
40,-43.24
40,-43.23
40.05,-43.23
40.05,-43.33
40.1,-43.33
40.1,-42.23
40.15,-42.23
40.15,-41.09
40.2,-41.09
40.2,-40.75
40.25,-40.75
40.25,-40.34
40.3,-40.34
40.3,-40.18
40.35,-40.18
40.35,-42.77
40.4,-42.77
40.4,-42.2
40.45,-42.2
40.45,-42.44
40.5,-42.44
40.5,-42.21
40.55,-42.21
40.55,-42.42
40.6,-42.42
40.6,-42.2
40.65,-42.2
40.65,-42.29
40.7,-42.29
40.7,-42.08
40.75,-42.08
40.75,-42.9
40.8,-42.9
40.8,-43.34
40.85,-43.34
40.85,-43.32
40.9,-43.32
40.9,-43.01
40.95,-43.01
40.95,-43.67
41,-43.67
41,-43.77
41.05,-43.77
41.05,-42.3
41.1,-42.3
41.1,-42
41.15,-42
41.15,-41.95
41.2,-41.95
41.2,-41.67
41.25,-41.67
41.25,-40.8
41.3,-40.8
41.3,-40.01
41.35,-40.01
41.35,-39.76
41.4,-39.76
41.4,-40.43
41.45,-40.43
41.45,-39.43
41.5,-39.43
41.5,-40.07
41.55,-40.07
41.55,-39.33
41.6,-39.33
41.6,-39.57
41.65,-39.57
41.65,-38.92
41.7,-38.92
41.7,-39.05
41.75,-39.05
41.75,-42.07
41.8,-42.07
41.8,-42.37
41.85,-42.37
41.85,-43.01
41.9,-43.01
41.9,-42.19
41.95,-42.19
41.95,-42.6
42,-42.6
42,-42.44
42.05,-42.44
42.05,-43.29
42.1,-43.29
42.1,-42.82
42.15,-42.82
42.15,-42.48
42.2,-42.48
42.2,-43.48
42.25,-43.48
42.25,-42.49
42.3,-42.49
42.3,-43.17
42.35,-43.17
42.35,-42.77
42.4,-42.77
42.4,-42.67
42.45,-42.67
42.45,-41.73
42.5,-41.73
42.5,-42.46
42.55,-42.46
42.55,-42.2
42.6,-42.2
42.6,-40.87
42.65,-40.87
42.65,-40.97
42.7,-40.97
42.7,-40.92
42.75,-40.92
42.75,-41.11
42.8,-41.11
42.8,-41.62
42.85,-41.62
42.85,-41.17
42.9,-41.17
42.9,-41.12
42.95,-41.12
42.95,-40.63
43,-40.63
43,-40.05
43.05,-40.05
43.05,-39.93
43.1,-39.93
43.1,-39.7
43.15,-39.7
43.15,-39.68
43.2,-39.68
43.2,-39.4
43.25,-39.4
43.25,-39.46
43.3,-39.46
43.3,-38.98
43.35,-38.98
43.35,-38.48
43.4,-38.48
43.4,-38.76
43.45,-38.76
43.45,-39.46
43.5,-39.46
43.5,-40.01
43.55,-40.01
43.55,-39.57
43.6,-39.57
43.6,-39.3
43.65,-39.3
43.65,-39.97
43.7,-39.97
43.7,-41.86
43.75,-41.86
43.75,-42.6
43.8,-42.6
43.8,-43.09
43.85,-43.09
43.85,-43.14
43.9,-43.14
43.9,-43.9
43.95,-43.9
43.95,-43.88
44,-43.88
44,-43.15
44.05,-43.15
44.05,-42.11
44.1,-42.11
44.1,-42.31
44.15,-42.31
44.15,-42.48
44.2,-42.48
44.2,-42.03
44.25,-42.03
44.25,-42.59
44.3,-42.59
44.3,-43.57
44.35,-43.57
44.35,-42.29
44.4,-42.29
44.4,-42.21
44.45,-42.21
44.45,-42.97
44.5,-42.97
44.5,-43.42
44.55,-43.42
44.55,-43.18
44.6,-43.18
44.6,-42.1
44.65,-42.1
44.65,-43.34
44.7,-43.34
44.7,-42.45
44.75,-42.45
44.75,-41.73
44.8,-41.73
44.8,-40.57
44.85,-40.57
44.85,-39.89
44.9,-39.89
44.9,-40.24
44.95,-40.24
44.95,-40.89
45,-40.89
45,-41.86
45.05,-41.86
45.05,-41.82
45.1,-41.82
45.1,-40.91
45.15,-40.91
45.15,-40.72
45.2,-40.72
45.2,-41.27
45.25,-41.27
45.25,-41.07
45.3,-41.07
45.3,-42.03
45.35,-42.03
45.35,-41.18
45.4,-41.18
45.4,-40.7
45.45,-40.7
45.45,-40.73
45.5,-40.73
45.5,-40.98
45.55,-40.98
45.55,-40.6
45.6,-40.6
45.6,-40.75
45.65,-40.75
45.65,-40.23
45.7,-40.23
45.7,-40.94
45.75,-40.94
45.75,-41.08
45.8,-41.08
45.8,-40.82
45.85,-40.82
45.85,-40.26
45.9,-40.26
45.9,-39.46
45.95,-39.46
45.95,-40.16
46,-40.16
46,-40.2
46.05,-40.2
46.05,-39.47
46.1,-39.47
46.1,-39.51
46.15,-39.51
46.15,-39.57
46.2,-39.57
46.2,-39.45
46.25,-39.45
46.25,-39.37
46.3,-39.37
46.3,-39.59
46.35,-39.59
46.35,-39.24
46.4,-39.24
46.4,-39.8
46.45,-39.8
46.45,-39.37
46.5,-39.37
46.5,-38.41
46.55,-38.41
46.55,-39.01
46.6,-39.01
46.6,-39.05
46.65,-39.05
46.65,-38.98
46.7,-38.98
46.7,-38.66
46.75,-38.66
46.75,-38.93
46.8,-38.93
46.8,-39.11
46.85,-39.11
46.85,-39.13
46.9,-39.13
46.9,-38.98
46.95,-38.98
46.95,-38.02
47,-38.02
47,-38.49
47.05,-38.49
47.05,-39.17
47.1,-39.17
47.1,-38.03
47.15,-38.03
47.15,-38.09
47.2,-38.09
47.2,-37.71
47.25,-37.71
47.25,-38.19
47.3,-38.19
47.3,-37.35
47.35,-37.35
47.35,-40.26
47.4,-40.26
47.4,-42.32
47.45,-42.32
47.45,-42.78
47.5,-42.78
47.5,-42.87
47.55,-42.87
47.55,-42.58
47.6,-42.58
47.6,-42.15
47.65,-42.15
47.65,-43.07
47.7,-43.07
47.7,-42.7
47.75,-42.7
47.75,-43.16
47.8,-43.16
47.8,-42.48
47.85,-42.48
47.85,-42
47.9,-42
47.9,-42.87
47.95,-42.87
47.95,-43.63
48,-43.63
48,-43.61
48.05,-43.61
48.05,-42.8
48.1,-42.8
48.1,-41.98
48.15,-41.98
48.15,-42.02
48.2,-42.02
48.2,-43.16
48.25,-43.16
48.25,-43.83
48.3,-43.83
48.3,-43.48
48.35,-43.48
48.35,-42.91
48.4,-42.91
48.4,-42.31
48.45,-42.31
48.45,-43.18
48.5,-43.18
48.5,-42.92
48.55,-42.92
48.55,-42.98
48.6,-42.98
48.6,-43.13
48.65,-43.13
48.65,-44.06
48.7,-44.06
48.7,-43.9
48.75,-43.9
48.75,-43.48
48.8,-43.48
48.8,-43.49
48.85,-43.49
48.85,-42.8
48.9,-42.8
48.9,-42.44
48.95,-42.44
48.95,-42.13
49,-42.13
49,-41.59
49.05,-41.59
49.05,-40.95
49.1,-40.95
49.1,-41.17
49.15,-41.17
49.15,-41.3
49.2,-41.3
49.2,-41.22
49.25,-41.22
49.25,-40.92
49.3,-40.92
49.3,-41.16
49.35,-41.16
49.35,-40.23
49.4,-40.23
49.4,-39.84
49.45,-39.84
49.45,-39.73
49.5,-39.73
49.5,-39.62
49.55,-39.62
49.55,-40.9
49.6,-40.9
49.6,-42.11
49.65,-42.11
49.65,-39.81
49.7,-39.81
49.7,-39.48
49.75,-39.48
49.75,-39.51
49.8,-39.51
49.8,-41.41
49.85,-41.41
49.85,-41.85
49.9,-41.85
49.9,-42.38
49.95,-42.38
49.95,-42.11
50,-42.11
50,-41.51
50.05,-41.51
50.05,-41.19
50.1,-41.19
50.1,-41.47
50.15,-41.47
50.15,-40.3
50.2,-40.3
50.2,-40.52
50.25,-40.52
50.25,-40.53
50.3,-40.53
50.3,-40.49
50.35,-40.49
50.35,-40.42
50.4,-40.42
50.4,-40.74
50.45,-40.74
50.45,-41.1
50.5,-41.1
50.5,-40.72
50.55,-40.72
50.55,-40.19
50.6,-40.19
50.6,-40.29
50.65,-40.29
50.65,-40.86
50.7,-40.86
50.7,-40.59
50.75,-40.59
50.75,-40.51
50.8,-40.51
50.8,-40.86
50.85,-40.86
50.85,-40.9
50.9,-40.9
50.9,-40.71
50.95,-40.71
50.95,-40.43
51,-40.43
51,-40.78
51.05,-40.78
51.05,-39.81
51.1,-39.81
51.1,-40.57
51.15,-40.57
51.15,-40.63
51.2,-40.63
51.2,-40.22
51.25,-40.22
51.25,-40.34
51.3,-40.34
51.3,-40.11
51.35,-40.11
51.35,-40.72
51.4,-40.72
51.4,-40.72
51.45,-40.72
51.45,-40.15
51.5,-40.15
51.5,-40.53
51.55,-40.53
51.55,-40.6
51.6,-40.6
51.6,-40.45
51.65,-40.45
51.65,-40.08
51.7,-40.08
51.7,-40.71
51.75,-40.71
51.75,-40.69
51.8,-40.69
51.8,-40.43
51.85,-40.43
51.85,-40.85
51.9,-40.85
51.9,-41.07
51.95,-41.07
51.95,-39.81
52,-39.81
52,-40.44
52.05,-40.44
52.05,-39.8
52.1,-39.8
52.1,-40.67
52.15,-40.67
52.15,-41.01
52.2,-41.01
52.2,-41.04
52.25,-41.04
52.25,-41.39
52.3,-41.39
52.3,-40.26
52.35,-40.26
52.35,-39.11
52.4,-39.11
52.4,-39.27
52.45,-39.27
52.45,-39.79
52.5,-39.79
52.5,-39.96
52.55,-39.96
52.55,-39.87
52.6,-39.87
52.6,-39.04
52.65,-39.04
52.65,-39.42
52.7,-39.42
52.7,-39.91
52.75,-39.91
52.75,-39.44
52.8,-39.44
52.8,-39.31
52.85,-39.31
52.85,-38.84
52.9,-38.84
52.9,-38.83
52.95,-38.83
52.95,-39.74
53,-39.74
53,-39.24
53.05,-39.24
53.05,-39.99
53.1,-39.99
53.1,-39.42
53.15,-39.42
53.15,-38.77
53.2,-38.77
53.2,-39.48
53.25,-39.48
53.25,-38.96
53.3,-38.96
53.3,-39.87
53.35,-39.87
53.35,-39.66
53.4,-39.66
53.4,-39.55
53.45,-39.55
53.45,-39.59
53.5,-39.59
53.5,-39.24
53.55,-39.24
53.55,-39.27
53.6,-39.27
53.6,-39.56
53.65,-39.56
53.65,-39.21
53.7,-39.21
53.7,-39.31
53.75,-39.31
53.75,-38.9
53.8,-38.9
53.8,-39.49
53.85,-39.49
53.85,-39.47
53.9,-39.47
53.9,-39.38
53.95,-39.38
53.95,-38.73
54,-38.73
54,-38.83
54.05,-38.83
54.05,-39.5
54.1,-39.5
54.1,-38.51
54.15,-38.51
54.15,-39.35
54.2,-39.35
54.2,-38.88
54.25,-38.88
54.25,-38.86
54.3,-38.86
54.3,-39.03
54.35,-39.03
54.35,-38.74
54.4,-38.74
54.4,-38.44
54.45,-38.44
54.45,-39.24
54.5,-39.24
54.5,-39.37
54.55,-39.37
54.55,-39.1
54.6,-39.1
54.6,-38.55
54.65,-38.55
54.65,-38.03
54.7,-38.03
54.7,-37.92
54.75,-37.92
54.75,-39.91
54.8,-39.91
54.8,-40.86
54.85,-40.86
54.85,-38.87
54.9,-38.87
54.9,-38.79
54.95,-38.79
54.95,-38.81
55,-38.81
55,-39.14
55.05,-39.14
55.05,-40.65
55.1,-40.65
55.1,-42.52
55.15,-42.52
55.15,-42.87
55.2,-42.87
55.2,-42.52
55.25,-42.52
55.25,-42.8
55.3,-42.8
55.3,-42.88
55.35,-42.88
55.35,-43.53
55.4,-43.53
55.4,-42.7
55.45,-42.7
55.45,-42.46
55.5,-42.46
55.5,-42.74
55.55,-42.74
55.55,-42.29
55.6,-42.29
55.6,-42.2
55.65,-42.2
55.65,-41.63
55.7,-41.63
55.7,-42.2
55.75,-42.2
55.75,-38.93
55.8,-38.93
55.8,-38.84
55.85,-38.84
55.85,-42.14
55.9,-42.14
55.9,-42.87
55.95,-42.87
55.95,-42.76
56,-42.76
56,-42.49
56.05,-42.49
56.05,-42.9
56.1,-42.9
56.1,-42.99
56.15,-42.99
56.15,-42
56.2,-42
56.2,-41.42
56.25,-41.42
56.25,-39.24
56.3,-39.24
56.3,-39.61
56.35,-39.61
56.35,-39.32
56.4,-39.32
56.4,-39.61
56.45,-39.61
56.45,-39.35
56.5,-39.35
56.5,-38.9
56.55,-38.9
56.55,-39.83
56.6,-39.83
56.6,-42.08
56.65,-42.08
56.65,-43.22
56.7,-43.22
56.7,-42.96
56.75,-42.96
56.75,-42.84
56.8,-42.84
56.8,-43.09
56.85,-43.09
56.85,-42.63
56.9,-42.63
56.9,-42.16
56.95,-42.16
56.95,-42.47
57,-42.47
57,-42.24
57.05,-42.24
57.05,-42.42
57.1,-42.42
57.1,-42.46
57.15,-42.46
57.15,-42.01
57.2,-42.01
57.2,-42.36
57.25,-42.36
57.25,-41.25
57.3,-41.25
57.3,-41.23
57.35,-41.23
57.35,-41.17
57.4,-41.17
57.4,-40.63
57.45,-40.63
57.45,-40.11
57.5,-40.11
57.5,-40.07
57.55,-40.07
57.55,-40.27
57.6,-40.27
57.6,-40.68
57.65,-40.68
57.65,-40.92
57.7,-40.92
57.7,-40.61
57.75,-40.61
57.75,-40.51
57.8,-40.51
57.8,-41.02
57.85,-41.02
57.85,-41.42
57.9,-41.42
57.9,-40.5
57.95,-40.5
57.95,-40.37
58,-40.37
58,-40.35
58.05,-40.35
58.05,-40.68
58.1,-40.68
58.1,-40.02
58.15,-40.02
58.15,-39.67
58.2,-39.67
58.2,-39.74
58.25,-39.74
58.25,-39.83
58.3,-39.83
58.3,-39.44
58.35,-39.44
58.35,-38.99
58.4,-38.99
58.4,-39.6
58.45,-39.6
58.45,-39.68
58.5,-39.68
58.5,-39.17
58.55,-39.17
58.55,-38.64
58.6,-38.64
58.6,-38.83
58.65,-38.83
58.65,-39.42
58.7,-39.42
58.7,-39.87
58.75,-39.87
58.75,-38.41
58.8,-38.41
58.8,-41.2
58.85,-41.2
58.85,-41.97
58.9,-41.97
58.9,-41.09
58.95,-41.09
58.95,-38.19
59,-38.19
59,-39.6
59.05,-39.6
59.05,-42.05
59.1,-42.05
59.1,-42.52
59.15,-42.52
59.15,-42.66
59.2,-42.66
59.2,-42.19
59.25,-42.19
59.25,-42.46
59.3,-42.46
59.3,-41.99
59.35,-41.99
59.35,-40.97
59.4,-40.97
59.4,-39.35
59.45,-39.35
59.45,-39.19
59.5,-39.19
59.5,-39.52
59.55,-39.52
59.55,-40.99
59.6,-40.99
59.6,-40.3
59.65,-40.3
59.65,-38.95
59.7,-38.95
59.7,-38.36
59.75,-38.36
59.75,-38.25
59.8,-38.25
59.8,-39.12
59.85,-39.12
59.85,-42.3
59.9,-42.3
59.9,-42.88
59.95,-42.88
59.95,-42.94
60,-42.94
60,-42.25
60.05,-42.25
60.05,-38.53
60.1,-38.53
60.1,-37.93
60.15,-37.93
60.15,-40.31
60.2,-40.31
60.2,-42.72
60.25,-42.72
60.25,-43.39
60.3,-43.39
60.3,-43.45
60.35,-43.45
60.35,-43.27
60.4,-43.27
60.4,-42.43
60.45,-42.43
60.45,-42.57
60.5,-42.57
60.5,-43.58
60.55,-43.58
60.55,-43.37
60.6,-43.37
60.6,-42.69
60.65,-42.69
60.65,-43.07
60.7,-43.07
60.7,-43.16
60.75,-43.16
60.75,-43.33
60.8,-43.33
60.8,-43.45
60.85,-43.45
60.85,-43.3
60.9,-43.3
60.9,-43.24
60.95,-43.24
60.95,-42.84
61,-42.84
61,-42.89
61.05,-42.89
61.05,-43.25
61.1,-43.25
61.1,-43.19
61.15,-43.19
61.15,-43.24
61.2,-43.24
61.2,-43.12
61.25,-43.12
61.25,-43.05
61.3,-43.05
61.3,-42.99
61.35,-42.99
61.35,-43.13
61.4,-43.13
61.4,-43.1
61.45,-43.1
61.45,-43.53
61.5,-43.53
61.5,-43.74
61.55,-43.74
61.55,-43.69
61.6,-43.69
61.6,-43.65
61.65,-43.65
61.65,-43.39
61.7,-43.39
61.7,-43.97
61.75,-43.97
61.75,-44.15
61.8,-44.15
61.8,-43.21
61.85,-43.21
61.85,-44.19
61.9,-44.19
61.9,-43.28
61.95,-43.28
61.95,-43.81
62,-43.81
62,-43.7
62.05,-43.7
62.05,-43.18
62.1,-43.18
62.1,-43.1
62.15,-43.1
62.15,-43.23
62.2,-43.23
62.2,-43.67
62.25,-43.67
62.25,-45.1
62.3,-45.1
62.3,-44.57
62.35,-44.57
62.35,-43.63
62.4,-43.63
62.4,-43.09
62.45,-43.09
62.45,-43.34
62.5,-43.34
62.5,-44.38
62.55,-44.38
62.55,-44.75
62.6,-44.75
62.6,-43.15
62.65,-43.15
62.65,-43.63
62.7,-43.63
62.7,-44.21
62.75,-44.21
62.75,-44.7
62.8,-44.7
62.8,-44.49
62.85,-44.49
62.85,-43.54
62.9,-43.54
62.9,-44.18
62.95,-44.18
62.95,-44.6
63,-44.6
63,-44.01
63.05,-44.01
63.05,-43.86
63.1,-43.86
63.1,-44.52
63.15,-44.52
63.15,-45.02
63.2,-45.02
63.2,-44.74
63.25,-44.74
63.25,-44.58
63.3,-44.58
63.3,-44.43
63.35,-44.43
63.35,-44.15
63.4,-44.15
63.4,-45.16
63.45,-45.16
63.45,-44.63
63.5,-44.63
63.5,-43.77
63.55,-43.77
63.55,-45.04
63.6,-45.04
63.6,-44.4
63.65,-44.4
63.65,-44
63.7,-44
63.7,-43.9
63.75,-43.9
63.75,-44.81
63.8,-44.81
63.8,-44.7
63.85,-44.7
63.85,-44.37
63.9,-44.37
63.9,-44.49
63.95,-44.49
63.95,-43.79
64,-43.79
64,-43.41
64.05,-43.41
64.05,-43.2
64.09999999999999,-43.2
64.09999999999999,-43.1
64.15000000000001,-43.1
64.15000000000001,-43.35
64.2,-43.35
64.2,-43.99
64.25,-43.99
64.25,-43.26
64.3,-43.26
64.3,-43.05
64.34999999999999,-43.05
64.34999999999999,-43.39
64.40000000000001,-43.39
64.40000000000001,-43.95
64.45,-43.95
64.45,-44.26
64.5,-44.26
64.5,-43.34
64.55,-43.34
64.55,-41.33
64.59999999999999,-41.33
64.59999999999999,-39.97
64.65000000000001,-39.97
64.65000000000001,-40.07
64.7,-40.07
64.7,-39.74
64.75,-39.74
64.75,-40.21
64.8,-40.21
64.8,-42.24
64.84999999999999,-42.24
64.84999999999999,-42.97
64.90000000000001,-42.97
64.90000000000001,-44.26
64.95,-44.26
64.95,-42.71
65,-42.71
65,-43.79
65.05,-43.79
65.05,-44.25
65.09999999999999,-44.25
65.09999999999999,-44.17
65.15000000000001,-44.17
65.15000000000001,-44.85
65.2,-44.85
65.2,-45.29
65.25,-45.29
65.25,-44.49
65.3,-44.49
65.3,-44.44
65.34999999999999,-44.44
65.34999999999999,-44.52
65.40000000000001,-44.52
65.40000000000001,-43.84
65.45,-43.84
65.45,-43.55
65.5,-43.55
65.5,-44.22
65.55,-44.22
65.55,-43.94
65.59999999999999,-43.94
65.59999999999999,-43.61
65.65000000000001,-43.61
65.65000000000001,-43.04
65.7,-43.04
65.7,-43.84
65.75,-43.84
65.75,-43.85
65.8,-43.85
65.8,-43.54
65.84999999999999,-43.54
65.84999999999999,-42.91
65.90000000000001,-42.91
65.90000000000001,-43.12
65.95,-43.12
65.95,-43.61
66,-43.61
66,-44.81
66.05,-44.81
66.05,-44.26
66.09999999999999,-44.26
66.09999999999999,-44.16
66.15000000000001,-44.16
66.15000000000001,-44.64
66.2,-44.64
66.2,-44.44
66.25,-44.44
66.25,-44.24
66.3,-44.24
66.3,-43.95
66.34999999999999,-43.95
66.34999999999999,-44.01
66.40000000000001,-44.01
66.40000000000001,-44.48
66.45,-44.48
66.45,-44.76
66.5,-44.76
66.5,-45.04
66.55,-45.04
66.55,-44.48
66.59999999999999,-44.48
66.59999999999999,-44.33
66.65000000000001,-44.33
66.65000000000001,-44.17
66.7,-44.17
66.7,-44.19
66.75,-44.19
66.75,-44.22
66.8,-44.22
66.8,-43.67
66.84999999999999,-43.67
66.84999999999999,-43.35
66.90000000000001,-43.35
66.90000000000001,-43.04
66.95,-43.04
66.95,-44.23
67,-44.23
67,-43.99
67.05,-43.99
67.05,-43.76
67.09999999999999,-43.76
67.09999999999999,-44.65
67.15000000000001,-44.65
67.15000000000001,-44.3
67.2,-44.3
67.2,-43.71
67.25,-43.71
67.25,-44.64
67.3,-44.64
67.3,-44.21
67.34999999999999,-44.21
67.34999999999999,-42.91
67.40000000000001,-42.91
67.40000000000001,-43.39
67.45,-43.39
67.45,-43.73
67.5,-43.73
67.5,-44.12
67.55,-44.12
67.55,-43.2
67.59999999999999,-43.2
67.59999999999999,-43.62
67.65000000000001,-43.62
67.65000000000001,-44.08
67.7,-44.08
67.7,-44.18
67.75,-44.18
67.75,-43.76
67.8,-43.76
67.8,-43.33
67.84999999999999,-43.33
67.84999999999999,-44.73
67.90000000000001,-44.73
67.90000000000001,-44.22
67.95,-44.22
67.95,-43.41
68,-43.41
68,-42.37
68.05,-42.37
68.05,-42.32
68.09999999999999,-42.32
68.09999999999999,-42.79
68.15000000000001,-42.79
68.15000000000001,-43.22
68.2,-43.22
68.2,-43.45
68.25,-43.45
68.25,-43.99
68.3,-43.99
68.3,-44.37
68.35000000000001,-44.37
68.35000000000001,-44.81
68.40000000000001,-44.81
68.40000000000001,-43.87
68.45,-43.87
68.45,-43.87
68.5,-43.87
68.5,-44.62
68.55,-44.62
68.55,-44.16
68.60000000000001,-44.16
68.60000000000001,-43.83
68.65000000000001,-43.83
68.65000000000001,-44.1
68.7,-44.1
68.7,-44.05
68.75,-44.05
68.75,-43.96
68.8,-43.96
68.8,-44.47
68.85000000000001,-44.47
68.85000000000001,-44.25
68.90000000000001,-44.25
68.90000000000001,-43.42
68.95,-43.42
68.95,-43.66
69,-43.66
69,-43.76
69.05,-43.76
69.05,-43.84
69.10000000000001,-43.84
69.10000000000001,-44.4
69.15000000000001,-44.4
69.15000000000001,-44.69
69.2,-44.69
69.2,-44.03
69.25,-44.03
69.25,-43.92
69.3,-43.92
69.3,-43.8
69.35000000000001,-43.8
69.35000000000001,-43.76
69.40000000000001,-43.76
69.40000000000001,-43.93
69.45,-43.93
69.45,-44.19
69.5,-44.19
69.5,-43.3
69.55,-43.3
69.55,-43.6
69.60000000000001,-43.6
69.60000000000001,-44.03
69.65000000000001,-44.03
69.65000000000001,-42.78
69.7,-42.78
69.7,-43.35
69.75,-43.35
69.75,-43.73
69.8,-43.73
69.8,-43.88
69.85000000000001,-43.88
69.85000000000001,-44.39
69.90000000000001,-44.39
69.90000000000001,-44.68
69.95,-44.68
69.95,-43.8
70,-43.8
70,-43.54
70.05,-43.54
70.05,-43.09
70.10000000000001,-43.09
70.10000000000001,-42.07
70.15000000000001,-42.07
70.15000000000001,-40.56
70.2,-40.56
70.2,-39.73
70.25,-39.73
70.25,-39.55
70.3,-39.55
70.3,-42.18
70.35000000000001,-42.18
70.35000000000001,-44.18
70.40000000000001,-44.18
70.40000000000001,-44.7
70.45,-44.7
70.45,-44.34
70.5,-44.34
70.5,-44.32
70.55,-44.32
70.55,-44.23
70.60000000000001,-44.23
70.60000000000001,-44.13
70.65000000000001,-44.13
70.65000000000001,-43.82
70.7,-43.82
70.7,-43.76
70.75,-43.76
70.75,-43.67
70.8,-43.67
70.8,-43.28
70.85000000000001,-43.28
70.85000000000001,-43.05
70.90000000000001,-43.05
70.90000000000001,-43.5
70.95,-43.5
70.95,-43.52
71,-43.52
71,-43.48
71.05,-43.48
71.05,-42.86
71.10000000000001,-42.86
71.10000000000001,-42.45
71.15000000000001,-42.45
71.15000000000001,-41.93
71.2,-41.93
71.2,-42.22
71.25,-42.22
71.25,-42.16
71.3,-42.16
71.3,-42.07
71.35000000000001,-42.07
71.35000000000001,-42.06
71.40000000000001,-42.06
71.40000000000001,-42.17
71.45,-42.17
71.45,-42.27
71.5,-42.27
71.5,-41.6
71.55,-41.6
71.55,-40.74
71.60000000000001,-40.74
71.60000000000001,-40.51
71.65000000000001,-40.51
71.65000000000001,-40.51
71.7,-40.51
71.7,-40.13
71.75,-40.13
71.75,-40.34
71.8,-40.34
71.8,-40.87
71.85000000000001,-40.87
71.85000000000001,-40.37
71.90000000000001,-40.37
71.90000000000001,-39.81
71.95,-39.81
71.95,-39.58
72,-39.58
72,-39.69
72.05,-39.69
72.05,-40.1
72.10000000000001,-40.1
72.10000000000001,-39.91
72.15000000000001,-39.91
72.15000000000001,-39.5
72.2,-39.5
72.2,-39.53
72.25,-39.53
72.25,-39.61
72.3,-39.61
72.3,-39.66
72.35000000000001,-39.66
72.35000000000001,-39.23
72.40000000000001,-39.23
72.40000000000001,-39.08
72.45,-39.08
72.45,-39
72.5,-39
72.5,-38.73
72.55,-38.73
72.55,-38.61
72.60000000000001,-38.61
72.60000000000001,-38.47
72.65000000000001,-38.47
72.65000000000001,-38.31
72.7,-38.31
72.7,-38.39
72.75,-38.39
72.75,-37.92
72.8,-37.92
72.8,-37.67
72.85000000000001,-37.67
72.85000000000001,-38.15
72.90000000000001,-38.15
72.90000000000001,-37.71
72.95,-37.71
72.95,-37.96
73,-37.96
73,-40.85
73.05,-40.85
73.05,-43.63
73.10000000000001,-43.63
73.10000000000001,-44.39
73.15000000000001,-44.39
73.15000000000001,-44.22
73.2,-44.22
73.2,-43.95
73.25,-43.95
73.25,-44.66
73.3,-44.66
73.3,-44.84
73.35000000000001,-44.84
73.35000000000001,-45.07
73.40000000000001,-45.07
73.40000000000001,-44.96
73.45,-44.96
73.45,-44.69
73.5,-44.69
73.5,-44.92
73.55,-44.92
73.55,-45.18
73.60000000000001,-45.18
73.60000000000001,-44.66
73.65000000000001,-44.66
73.65000000000001,-44.36
73.7,-44.36
73.7,-45.05
73.75,-45.05
73.75,-45.15
73.8,-45.15
73.8,-44.43
73.85000000000001,-44.43
73.85000000000001,-44.57
73.90000000000001,-44.57
73.90000000000001,-44.9
73.95,-44.9
73.95,-44.79
74,-44.79
74,-44.65
74.05,-44.65
74.05,-45.13
74.10000000000001,-45.13
74.10000000000001,-45.39
74.15000000000001,-45.39
74.15000000000001,-44.99
74.2,-44.99
74.2,-44.88
74.25,-44.88
74.25,-44.41
74.3,-44.41
74.3,-44.44
74.35000000000001,-44.44
74.35000000000001,-44.54
74.40000000000001,-44.54
74.40000000000001,-44.88
74.45,-44.88
74.45,-45.15
74.5,-45.15
74.5,-44.34
74.55,-44.34
74.55,-44.21
74.60000000000001,-44.21
74.60000000000001,-44.06
74.65000000000001,-44.06
74.65000000000001,-44.69
74.7,-44.69
74.7,-44.51
74.75,-44.51
74.75,-42.98
74.8,-42.98
74.8,-42.78
74.85000000000001,-42.78
74.85000000000001,-42.22
74.90000000000001,-42.22
74.90000000000001,-40.97
74.95,-40.97
74.95,-39.88
75,-39.88
75,-40.06
75.05,-40.06
75.05,-40.97
75.10000000000001,-40.97
75.10000000000001,-41.35
75.15000000000001,-41.35
75.15000000000001,-40.44
75.2,-40.44
75.2,-40.86
75.25,-40.86
75.25,-40.34
75.3,-40.34
75.3,-39.97
75.35000000000001,-39.97
75.35000000000001,-40
75.40000000000001,-40
75.40000000000001,-39.86
75.45,-39.86
75.45,-39.5
75.5,-39.5
75.5,-39.19
75.55,-39.19
75.55,-39.54
75.60000000000001,-39.54
75.60000000000001,-39.6
75.65000000000001,-39.6
75.65000000000001,-39.44
75.7,-39.44
75.7,-39.24
75.75,-39.24
75.75,-39.64
75.8,-39.64
75.8,-39.27
75.85000000000001,-39.27
75.85000000000001,-39.45
75.90000000000001,-39.45
75.90000000000001,-39.05
75.95,-39.05
75.95,-39.23
76,-39.23
76,-39.51
76.05,-39.51
76.05,-39.24
76.10000000000001,-39.24
76.10000000000001,-39.32
76.15000000000001,-39.32
76.15000000000001,-39.14
76.2,-39.14
76.2,-38.8
76.25,-38.8
76.25,-38.81
76.3,-38.81
76.3,-38.37
76.35000000000001,-38.37
76.35000000000001,-38.65
76.40000000000001,-38.65
76.40000000000001,-38.79
76.45,-38.79
76.45,-38.9
76.5,-38.9
76.5,-38.58
76.55,-38.58
76.55,-38.12
76.60000000000001,-38.12
76.60000000000001,-38.18
76.65000000000001,-38.18
76.65000000000001,-38.38
76.7,-38.38
76.7,-38.25
76.75,-38.25
76.75,-37.93
76.8,-37.93
76.8,-37.84
76.85000000000001,-37.84
76.85000000000001,-37.81
76.90000000000001,-37.81
76.90000000000001,-37.28
76.95,-37.28
76.95,-37.59
77,-37.59
77,-37.28
77.05,-37.28
77.05,-36.81
77.10000000000001,-36.81
77.10000000000001,-38.69
77.15000000000001,-38.69
77.15000000000001,-41.42
77.2,-41.42
77.2,-42.68
77.25,-42.68
77.25,-42.95
77.3,-42.95
77.3,-42.4
77.35000000000001,-42.4
77.35000000000001,-42.43
77.40000000000001,-42.43
77.40000000000001,-42.46
77.45,-42.46
77.45,-42.8
77.5,-42.8
77.5,-43.41
77.55,-43.41
77.55,-42.45
77.60000000000001,-42.45
77.60000000000001,-42.95
77.65000000000001,-42.95
77.65000000000001,-43.1
77.7,-43.1
77.7,-42.55
77.75,-42.55
77.75,-42.42
77.8,-42.42
77.8,-42.68
77.85000000000001,-42.68
77.85000000000001,-42.92
77.90000000000001,-42.92
77.90000000000001,-42.87
77.95,-42.87
77.95,-42.37
78,-42.37
78,-42.8
78.05,-42.8
78.05,-43.63
78.10000000000001,-43.63
78.10000000000001,-43.59
78.15000000000001,-43.59
78.15000000000001,-43.15
78.2,-43.15
78.2,-42.74
78.25,-42.74
78.25,-42.39
78.3,-42.39
78.3,-42.64
78.35000000000001,-42.64
78.35000000000001,-42.48
78.40000000000001,-42.48
78.40000000000001,-42.07
78.45,-42.07
78.45,-41.62
78.5,-41.62
78.5,-41.06
78.55,-41.06
78.55,-39.62
78.60000000000001,-39.62
78.60000000000001,-39.29
78.65000000000001,-39.29
78.65000000000001,-39.05
78.7,-39.05
78.7,-39.28
78.75,-39.28
78.75,-39.86
78.8,-39.86
78.8,-40.49
78.85000000000001,-40.49
78.85000000000001,-41.03
78.90000000000001,-41.03
78.90000000000001,-41.23
78.95,-41.23
78.95,-40.92
79,-40.92
79,-41.01
79.05,-41.01
79.05,-40.85
79.10000000000001,-40.85
79.10000000000001,-40.3
79.15000000000001,-40.3
79.15000000000001,-39.91
79.2,-39.91
79.2,-40.49
79.25,-40.49
79.25,-40.4
79.3,-40.4
79.3,-39.96
79.35000000000001,-39.96
79.35000000000001,-40.64
79.40000000000001,-40.64
79.40000000000001,-40.2
79.45,-40.2
79.45,-39.28
79.5,-39.28
79.5,-39.37
79.55,-39.37
79.55,-38.9
79.60000000000001,-38.9
79.60000000000001,-39.32
79.65000000000001,-39.32
79.65000000000001,-39.03
79.7,-39.03
79.7,-38.91
79.75,-38.91
79.75,-39.45
79.8,-39.45
79.8,-39.17
79.85000000000001,-39.17
79.85000000000001,-38.72
79.90000000000001,-38.72
79.90000000000001,-38.69
79.95,-38.69
79.95,-40.76
80,-40.76
80,-40.7
80.05,-40.7
80.05,-40.56
80.10000000000001,-40.56
80.10000000000001,-40.34
80.15000000000001,-40.34
80.15000000000001,-40.08
80.2,-40.08
80.2,-40.31
80.25,-40.31
80.25,-40.28
80.3,-40.28
80.3,-39.9
80.35000000000001,-39.9
80.35000000000001,-39.98
80.40000000000001,-39.98
80.40000000000001,-40.33
80.45,-40.33
80.45,-40.02
80.5,-40.02
80.5,-39.91
80.55,-39.91
80.55,-39.3
80.60000000000001,-39.3
80.60000000000001,-39.45
80.65000000000001,-39.45
80.65000000000001,-39.8
80.7,-39.8
80.7,-39.58
80.75,-39.58
80.75,-39.54
80.8,-39.54
80.8,-39.37
80.85000000000001,-39.37
80.85000000000001,-39.25
80.90000000000001,-39.25
80.90000000000001,-39
80.95,-39
80.95,-39.61
81,-39.61
81,-39.51
81.05,-39.51
81.05,-39.33
81.10000000000001,-39.33
81.10000000000001,-39.52
81.15000000000001,-39.52
81.15000000000001,-39.16
81.2,-39.16
81.2,-38.65
81.25,-38.65
81.25,-38.98
81.3,-38.98
81.3,-39.22
81.35000000000001,-39.22
81.35000000000001,-39.44
81.40000000000001,-39.44
81.40000000000001,-39.18
81.45,-39.18
81.45,-38.74
81.5,-38.74
81.5,-38.61
81.55,-38.61
81.55,-38.36
81.60000000000001,-38.36
81.60000000000001,-38.79
81.65000000000001,-38.79
81.65000000000001,-38.85
81.7,-38.85
81.7,-38.48
81.75,-38.48
81.75,-38.65
81.8,-38.65
81.8,-38.35
81.85000000000001,-38.35
81.85000000000001,-38.44
81.90000000000001,-38.44
81.90000000000001,-38.37
81.95,-38.37
81.95,-38.07
82,-38.07
82,-38.38
82.05,-38.38
82.05,-38.31
82.10000000000001,-38.31
82.10000000000001,-38.26
82.15000000000001,-38.26
82.15000000000001,-38.14
82.2,-38.14
82.2,-38.43
82.25,-38.43
82.25,-37.99
82.3,-37.99
82.3,-37.79
82.35000000000001,-37.79
82.35000000000001,-37.78
82.40000000000001,-37.78
82.40000000000001,-37.84
82.45,-37.84
82.45,-37.68
82.5,-37.68
82.5,-37.26
82.55,-37.26
82.55,-37.88
82.60000000000001,-37.88
82.60000000000001,-38.05
82.65000000000001,-38.05
82.65000000000001,-38.23
82.7,-38.23
82.7,-38.06
82.75,-38.06
82.75,-38.24
82.8,-38.24
82.8,-37.72
82.85000000000001,-37.72
82.85000000000001,-37.82
82.90000000000001,-37.82
82.90000000000001,-37.96
82.95,-37.96
82.95,-38.62
83,-38.62
83,-38.45
83.05,-38.45
83.05,-37.85
83.10000000000001,-37.85
83.10000000000001,-38.22
83.15000000000001,-38.22
83.15000000000001,-37.96
83.2,-37.96
83.2,-37.92
83.25,-37.92
83.25,-37.92
83.3,-37.92
83.3,-37.99
83.35000000000001,-37.99
83.35000000000001,-37.84
83.40000000000001,-37.84
83.40000000000001,-37.57
83.45,-37.57
83.45,-37.98
83.5,-37.98
83.5,-38.47
83.55,-38.47
83.55,-38.19
83.60000000000001,-38.19
83.60000000000001,-38.02
83.65000000000001,-38.02
83.65000000000001,-38.19
83.7,-38.19
83.7,-37.28
83.75,-37.28
83.75,-37.02
83.8,-37.02
83.8,-37.06
83.85000000000001,-37.06
83.85000000000001,-37.57
83.90000000000001,-37.57
83.90000000000001,-37.78
83.95,-37.78
83.95,-37.76
84,-37.76
84,-38.02
84.05,-38.02
84.05,-37.82
84.10000000000001,-37.82
84.10000000000001,-37.94
84.15000000000001,-37.94
84.15000000000001,-37.84
84.2,-37.84
84.2,-37.35
84.25,-37.35
84.25,-36.94
84.3,-36.94
84.3,-37.24
84.35000000000001,-37.24
84.35000000000001,-36.82
84.40000000000001,-36.82
84.40000000000001,-37.55
84.45,-37.55
84.45,-37.54
84.5,-37.54
84.5,-37.84
84.55,-37.84
84.55,-38.15
84.60000000000001,-38.15
84.60000000000001,-37.8
84.65000000000001,-37.8
84.65000000000001,-37.52
84.7,-37.52
84.7,-37.19
84.75,-37.19
84.75,-37.34
84.8,-37.34
84.8,-37.41
84.85000000000001,-37.41
84.85000000000001,-37.95
84.90000000000001,-37.95
84.90000000000001,-37.55
84.95,-37.55
84.95,-37.98
85,-37.98
85,-37.94
85.05,-37.94
85.05,-38.32
85.10000000000001,-38.32
85.10000000000001,-37.49
85.15000000000001,-37.49
85.15000000000001,-37.07
85.2,-37.07
85.2,-37.2
85.25,-37.2
85.25,-37.06
85.3,-37.06
85.3,-36.62
85.35000000000001,-36.62
85.35000000000001,-36.81
85.40000000000001,-36.81
85.40000000000001,-37.19
85.45,-37.19
85.45,-39.15
85.5,-39.15
85.5,-41.13
85.55,-41.13
85.55,-41.03
85.60000000000001,-41.03
85.60000000000001,-40.68
85.65000000000001,-40.68
85.65000000000001,-39.29
85.7,-39.29
85.7,-38.7
85.75,-38.7
85.75,-40.33
85.8,-40.33
85.8,-39.98
85.85000000000001,-39.98
85.85000000000001,-40.09
85.90000000000001,-40.09
85.90000000000001,-41.2
85.95,-41.2
85.95,-40.89
86,-40.89
86,-40.46
86.05,-40.46
86.05,-40.31
86.10000000000001,-40.31
86.10000000000001,-40.69
86.15000000000001,-40.69
86.15000000000001,-41.29
86.2,-41.29
86.2,-41.13
86.25,-41.13
86.25,-41.08
86.3,-41.08
86.3,-41.6
86.35000000000001,-41.6
86.35000000000001,-41.36
86.40000000000001,-41.36
86.40000000000001,-41.4
86.45,-41.4
86.45,-41.52
86.5,-41.52
86.5,-40.93
86.55,-40.93
86.55,-41.56
86.60000000000001,-41.56
86.60000000000001,-41.6
86.65000000000001,-41.6
86.65000000000001,-40.68
86.7,-40.68
86.7,-40.73
86.75,-40.73
86.75,-40.77
86.8,-40.77
86.8,-40.04
86.85000000000001,-40.04
86.85000000000001,-41.02
86.90000000000001,-41.02
86.90000000000001,-41.35
86.95,-41.35
86.95,-41.32
87,-41.32
87,-41.5
87.05,-41.5
87.05,-41.57
87.10000000000001,-41.57
87.10000000000001,-41.27
87.15000000000001,-41.27
87.15000000000001,-40.91
87.2,-40.91
87.2,-40.93
87.25,-40.93
87.25,-41.24
87.3,-41.24
87.3,-41.47
87.35000000000001,-41.47
87.35000000000001,-41.7
87.40000000000001,-41.7
87.40000000000001,-42.09
87.45,-42.09
87.45,-41.39
87.5,-41.39
87.5,-41.31
87.55,-41.31
87.55,-41.28
87.60000000000001,-41.28
87.60000000000001,-41.16
87.65000000000001,-41.16
87.65000000000001,-41.26
87.7,-41.26
87.7,-41.35
87.75,-41.35
87.75,-41.96
87.8,-41.96
87.8,-41.97
87.85000000000001,-41.97
87.85000000000001,-42.04
87.90000000000001,-42.04
87.90000000000001,-41.84
87.95,-41.84
87.95,-41.51
88,-41.51
88,-41.6
88.05,-41.6
88.05,-41.79
88.10000000000001,-41.79
88.10000000000001,-41.54
88.15000000000001,-41.54
88.15000000000001,-41.74
88.2,-41.74
88.2,-41.84
88.25,-41.84
88.25,-41.59
88.3,-41.59
88.3,-41.19
88.35000000000001,-41.19
88.35000000000001,-40.47
88.40000000000001,-40.47
88.40000000000001,-39.87
88.45,-39.87
88.45,-39.1
88.5,-39.1
88.5,-40
88.55,-40
88.55,-40.59
88.60000000000001,-40.59
88.60000000000001,-40.5
88.65000000000001,-40.5
88.65000000000001,-40
88.7,-40
88.7,-39.69
88.75,-39.69
88.75,-39.32
88.8,-39.32
88.8,-38.92
88.85000000000001,-38.92
88.85000000000001,-39.14
88.90000000000001,-39.14
88.90000000000001,-39.79
88.95,-39.79
88.95,-39.21
89,-39.21
89,-38.97
89.05,-38.97
89.05,-38.61
89.10000000000001,-38.61
89.10000000000001,-38.81
89.15000000000001,-38.81
89.15000000000001,-39.22
89.2,-39.22
89.2,-38.94
89.25,-38.94
89.25,-38.83
89.3,-38.83
89.3,-38.53
89.35000000000001,-38.53
89.35000000000001,-38.55
89.40000000000001,-38.55
89.40000000000001,-38.89
89.45,-38.89
89.45,-39.01
89.5,-39.01
89.5,-39.43
89.55,-39.43
89.55,-39.67
89.60000000000001,-39.67
89.60000000000001,-39.29
89.65000000000001,-39.29
89.65000000000001,-38.87
89.7,-38.87
89.7,-38.3
89.75,-38.3
89.75,-38.35
89.8,-38.35
89.8,-38.47
89.85000000000001,-38.47
89.85000000000001,-38.48
89.90000000000001,-38.48
89.90000000000001,-38.18
89.95,-38.18
89.95,-38.62
90,-38.62
90,-38.47
90.05,-38.47
90.05,-37.9
90.10000000000001,-37.9
90.10000000000001,-37.96
90.15000000000001,-37.96
90.15000000000001,-38.18
90.2,-38.18
90.2,-37.86
90.25,-37.86
90.25,-38
90.3,-38
90.3,-37.75
90.35000000000001,-37.75
90.35000000000001,-37.68
90.40000000000001,-37.68
90.40000000000001,-38.02
90.45,-38.02
90.45,-38.14
90.5,-38.14
90.5,-39.13
90.55,-39.13
90.55,-38.49
90.60000000000001,-38.49
90.60000000000001,-38.19
90.65000000000001,-38.19
90.65000000000001,-37.97
90.7,-37.97
90.7,-38.45
90.75,-38.45
90.75,-39.92
90.8,-39.92
90.8,-40.24
90.85000000000001,-40.24
90.85000000000001,-39.87
90.90000000000001,-39.87
90.90000000000001,-39.88
90.95,-39.88
90.95,-39.99
91,-39.99
91,-39.86
91.05,-39.86
91.05,-39.94
91.10000000000001,-39.94
91.10000000000001,-39.64
91.15000000000001,-39.64
91.15000000000001,-39.46
91.2,-39.46
91.2,-39.38
91.25,-39.38
91.25,-39.6
91.3,-39.6
91.3,-39.61
91.35000000000001,-39.61
91.35000000000001,-39.5
91.40000000000001,-39.5
91.40000000000001,-39.58
91.45,-39.58
91.45,-39.75
91.5,-39.75
91.5,-39.78
91.55,-39.78
91.55,-39.57
91.60000000000001,-39.57
91.60000000000001,-39.27
91.65000000000001,-39.27
91.65000000000001,-39.4
91.7,-39.4
91.7,-39.51
91.75,-39.51
91.75,-39.5
91.8,-39.5
91.8,-39.6
91.85000000000001,-39.6
91.85000000000001,-39.11
91.90000000000001,-39.11
91.90000000000001,-39.79
91.95,-39.79
91.95,-39.6
92,-39.6
92,-39.68
92.05,-39.68
92.05,-39.86
92.10000000000001,-39.86
92.10000000000001,-39.87
92.15000000000001,-39.87
92.15000000000001,-39.89
92.2,-39.89
92.2,-39.86
92.25,-39.86
92.25,-40.21
92.3,-40.21
92.3,-39.97
92.35000000000001,-39.97
92.35000000000001,-39.56
92.40000000000001,-39.56
92.40000000000001,-39.14
92.45,-39.14
92.45,-39.26
92.5,-39.26
92.5,-39.64
92.55,-39.64
92.55,-39.8
92.60000000000001,-39.8
92.60000000000001,-39.91
92.65000000000001,-39.91
92.65000000000001,-39.62
92.7,-39.62
92.7,-39.77
92.75,-39.77
92.75,-39.64
92.8,-39.64
92.8,-40.04
92.85000000000001,-40.04
92.85000000000001,-40.18
92.90000000000001,-40.18
92.90000000000001,-39.76
92.95,-39.76
92.95,-39.33
93,-39.33
93,-39.79
93.05,-39.79
93.05,-39.26
93.10000000000001,-39.26
93.10000000000001,-39.69
93.15000000000001,-39.69
93.15000000000001,-39.75
93.2,-39.75
93.2,-39.97
93.25,-39.97
93.25,-39.74
93.3,-39.74
93.3,-39.57
93.35000000000001,-39.57
93.35000000000001,-39.67
93.40000000000001,-39.67
93.40000000000001,-39.88
93.45,-39.88
93.45,-40.45
93.5,-40.45
93.5,-40.05
93.55,-40.05
93.55,-39.98
93.60000000000001,-39.98
93.60000000000001,-39.96
93.65000000000001,-39.96
93.65000000000001,-39.93
93.7,-39.93
93.7,-39.92
93.75,-39.92
93.75,-40.29
93.8,-40.29
93.8,-39.35
93.85000000000001,-39.35
93.85000000000001,-39.43
93.90000000000001,-39.43
93.90000000000001,-39.72
93.95,-39.72
93.95,-39.85
94,-39.85
94,-39.69
94.05,-39.69
94.05,-39.55
94.10000000000001,-39.55
94.10000000000001,-39.85
94.15000000000001,-39.85
94.15000000000001,-39.18
94.2,-39.18
94.2,-39.81
94.25,-39.81
94.25,-39.9
94.3,-39.9
94.3,-39.78
94.35000000000001,-39.78
94.35000000000001,-39.73
94.40000000000001,-39.73
94.40000000000001,-39.69
94.45,-39.69
94.45,-39.41
94.5,-39.41
94.5,-39.05
94.55,-39.05
94.55,-39.39
94.60000000000001,-39.39
94.60000000000001,-39.58
94.65000000000001,-39.58
94.65000000000001,-39.29
94.7,-39.29
94.7,-39.11
94.75,-39.11
94.75,-38.97
94.8,-38.97
94.8,-39.47
94.85000000000001,-39.47
94.85000000000001,-39.73
94.90000000000001,-39.73
94.90000000000001,-39.63
94.95,-39.63
94.95,-39.6
95,-39.6
95,-39.51
95.05,-39.51
95.05,-39.62
95.10000000000001,-39.62
95.10000000000001,-39.96
95.15000000000001,-39.96
95.15000000000001,-39.88
95.2,-39.88
95.2,-39.68
95.25,-39.68
95.25,-39.39
95.3,-39.39
95.3,-39.2
95.35000000000001,-39.2
95.35000000000001,-39.38
95.40000000000001,-39.38
95.40000000000001,-39.44
95.45,-39.44
95.45,-39.13
95.5,-39.13
95.5,-39.49
95.55,-39.49
95.55,-39.27
95.60000000000001,-39.27
95.60000000000001,-38.76
95.65000000000001,-38.76
95.65000000000001,-38.88
95.7,-38.88
95.7,-39.19
95.75,-39.19
95.75,-39.38
95.8,-39.38
95.8,-39.23
95.85000000000001,-39.23
95.85000000000001,-38.8
95.90000000000001,-38.8
95.90000000000001,-38.73
95.95,-38.73
95.95,-39.2
96,-39.2
96,-39.3
96.05,-39.3
96.05,-39.24
96.10000000000001,-39.24
96.10000000000001,-38.77
96.15000000000001,-38.77
96.15000000000001,-38.77
96.2,-38.77
96.2,-38.79
96.25,-38.79
96.25,-38.66
96.3,-38.66
96.3,-38.87
96.35000000000001,-38.87
96.35000000000001,-38.68
96.40000000000001,-38.68
96.40000000000001,-38.84
96.45,-38.84
96.45,-38.99
96.5,-38.99
96.5,-38.83
96.55,-38.83
96.55,-38.5
96.60000000000001,-38.5
96.60000000000001,-38.6
96.65000000000001,-38.6
96.65000000000001,-39.01
96.7,-39.01
96.7,-38.8
96.75,-38.8
96.75,-38.45
96.8,-38.45
96.8,-38.49
96.85000000000001,-38.49
96.85000000000001,-38.21
96.90000000000001,-38.21
96.90000000000001,-38.34
96.95,-38.34
96.95,-38.28
97,-38.28
97,-38.36
97.05,-38.36
97.05,-38.89
97.10000000000001,-38.89
97.10000000000001,-39.04
97.15000000000001,-39.04
97.15000000000001,-39.36
97.2,-39.36
97.2,-39.17
97.25,-39.17
97.25,-38.13
97.3,-38.13
97.3,-38.54
97.35000000000001,-38.54
97.35000000000001,-38.81
97.40000000000001,-38.81
97.40000000000001,-38.9
97.45,-38.9
97.45,-38.93
97.5,-38.93
97.5,-38.8
97.55,-38.8
97.55,-38.7
97.60000000000001,-38.7
97.60000000000001,-38.64
97.65000000000001,-38.64
97.65000000000001,-38.43
97.7,-38.43
97.7,-38.54
97.75,-38.54
97.75,-38.35
97.8,-38.35
97.8,-38.36
97.85000000000001,-38.36
97.85000000000001,-38.38
97.90000000000001,-38.38
97.90000000000001,-38.03
97.95,-38.03
97.95,-37.97
98,-37.97
98,-37.93
98.05,-37.93
98.05,-39.15
98.10000000000001,-39.15
98.10000000000001,-38.75
98.15000000000001,-38.75
98.15000000000001,-38.27
98.2,-38.27
98.2,-38.51
98.25,-38.51
98.25,-38.61
98.3,-38.61
98.3,-38.62
98.35000000000001,-38.62
98.35000000000001,-38.51
98.40000000000001,-38.51
98.40000000000001,-38.44
98.45,-38.44
98.45,-38.63
98.5,-38.63
98.5,-38.53
98.55,-38.53
98.55,-38.38
98.60000000000001,-38.38
98.60000000000001,-38.52
98.65000000000001,-38.52
98.65000000000001,-38.47
98.7,-38.47
98.7,-38.44
98.75,-38.44
98.75,-38.82
98.8,-38.82
98.8,-38.56
98.85000000000001,-38.56
98.85000000000001,-38.55
98.90000000000001,-38.55
98.90000000000001,-38.27
98.95,-38.27
98.95,-38.36
99,-38.36
99,-38.02
99.05,-38.02
99.05,-38.12
99.10000000000001,-38.12
99.10000000000001,-38.21
99.15000000000001,-38.21
99.15000000000001,-38.07
99.2,-38.07
99.2,-37.92
99.25,-37.92
99.25,-37.68
99.3,-37.68
99.3,-37.38
99.35000000000001,-37.38
99.35000000000001,-37.9
99.40000000000001,-37.9
99.40000000000001,-38.29
99.45,-38.29
99.45,-37.86
99.5,-37.86
99.5,-38.62
99.55,-38.62
99.55,-38.49
99.60000000000001,-38.49
99.60000000000001,-38.05
99.65000000000001,-38.05
99.65000000000001,-38.19
99.7,-38.19
99.7,-38.36
99.75,-38.36
99.75,-38.31
99.8,-38.31
99.8,-38.21
99.85000000000001,-38.21
99.85000000000001,-37.84
99.90000000000001,-37.84
99.90000000000001,-37.72
99.95,-37.72
99.95,-38.07
100,-38.07
100,-38.14
100.05,-38.14
100.05,-38.14
100.1,-38.14
100.1,-37.73
100.15,-37.73
100.15,-37.77
100.2,-37.77
100.2,-37.91
100.25,-37.91
100.25,-37.57
100.3,-37.57
100.3,-37.68
100.35,-37.68
100.35,-37.84
100.4,-37.84
100.4,-37.57
100.45,-37.57
100.45,-37.58
100.5,-37.58
100.5,-37.46
100.55,-37.46
100.55,-37.54
100.6,-37.54
100.6,-37.52
100.65,-37.52
100.65,-37.83
100.7,-37.83
100.7,-37.98
100.75,-37.98
100.75,-37.87
100.8,-37.87
100.8,-37.71
100.85,-37.71
100.85,-37.75
100.9,-37.75
100.9,-37.99
100.95,-37.99
100.95,-37.92
101,-37.92
101,-38.04
101.05,-38.04
101.05,-37.88
101.1,-37.88
101.1,-37.63
101.15,-37.63
101.15,-37.84
101.2,-37.84
101.2,-38.13
101.25,-38.13
101.25,-37.63
101.3,-37.63
101.3,-37.93
101.35,-37.93
101.35,-38.06
101.4,-38.06
101.4,-37.59
101.45,-37.59
101.45,-37.73
101.5,-37.73
101.5,-37.56
101.55,-37.56
101.55,-37.75
101.6,-37.75
101.6,-37.45
101.65,-37.45
101.65,-37.37
101.7,-37.37
101.7,-37.48
101.75,-37.48
101.75,-37.05
101.8,-37.05
101.8,-37.49
101.85,-37.49
101.85,-37.82
101.9,-37.82
101.9,-37.71
101.95,-37.71
101.95,-37.49
102,-37.49
102,-37.49
102.05,-37.49
102.05,-37.53
102.1,-37.53
102.1,-37.55
102.15,-37.55
102.15,-37.62
102.2,-37.62
102.2,-37.49
102.25,-37.49
102.25,-37.38
102.3,-37.38
102.3,-37.54
102.35,-37.54
102.35,-37.34
102.4,-37.34
102.4,-37.06
102.45,-37.06
102.45,-37.12
102.5,-37.12
102.5,-37.24
102.55,-37.24
102.55,-37.22
102.6,-37.22
102.6,-37.11
102.65,-37.11
102.65,-37.12
102.7,-37.12
102.7,-36.97
102.75,-36.97
102.75,-37.13
102.8,-37.13
102.8,-37.16
102.85,-37.16
102.85,-37.08
102.9,-37.08
102.9,-37.08
102.95,-37.08
102.95,-36.99
103,-36.99
103,-37.08
103.05,-37.08
103.05,-36.98
103.1,-36.98
103.1,-37.02
103.15,-37.02
103.15,-37.02
103.2,-37.02
103.2,-36.56
103.25,-36.56
103.25,-36.95
103.3,-36.95
103.3,-37.43
103.35,-37.43
103.35,-36.85
103.4,-36.85
103.4,-36.81
103.45,-36.81
103.45,-36.66
103.5,-36.66
103.5,-36.41
103.55,-36.41
103.55,-36.53
103.6,-36.53
103.6,-37.04
103.65,-37.04
103.65,-37.15
103.7,-37.15
103.7,-36.94
103.75,-36.94
103.75,-36.01
103.8,-36.01
103.8,-36.53
103.85,-36.53
103.85,-37.01
103.9,-37.01
103.9,-36.77
103.95,-36.77
103.95,-36.84
104,-36.84
104,-36.84
104.05,-36.84
104.05,-37.06
104.1,-37.06
104.1,-36.92
104.15,-36.92
104.15,-37.06
104.2,-37.06
104.2,-36.91
104.25,-36.91
104.25,-36.71
104.3,-36.71
104.3,-36.9
104.35,-36.9
104.35,-36.82
104.4,-36.82
104.4,-36.51
104.45,-36.51
104.45,-36.92
104.5,-36.92
104.5,-36.47
104.55,-36.47
104.55,-36.83
104.6,-36.83
104.6,-37.08
104.65,-37.08
104.65,-36.85
104.7,-36.85
104.7,-37.7
104.75,-37.7
104.75,-38.86
104.8,-38.86
104.8,-39.54
104.85,-39.54
104.85,-39.53
104.9,-39.53
104.9,-39.7
104.95,-39.7
104.95,-39.43
105,-39.43
105,-39.32
105.05,-39.32
105.05,-37.42
105.1,-37.42
105.1,-36.67
105.15,-36.67
105.15,-38.17
105.2,-38.17
105.2,-39.62
105.25,-39.62
105.25,-39.59
105.3,-39.59
105.3,-39.94
105.35,-39.94
105.35,-39.95
105.4,-39.95
105.4,-39.87
105.45,-39.87
105.45,-39.92
105.5,-39.92
105.5,-40.01
105.55,-40.01
105.55,-39.88
105.6,-39.88
105.6,-39.6
105.65,-39.6
105.65,-39.65
105.7,-39.65
105.7,-40.19
105.75,-40.19
105.75,-39.95
105.8,-39.95
105.8,-39.47
105.85,-39.47
105.85,-39.47
105.9,-39.47
105.9,-39.76
105.95,-39.76
105.95,-39.66
106,-39.66
106,-39.77
106.05,-39.77
106.05,-38.27
106.1,-38.27
106.1,-37.95
106.15,-37.95
106.15,-37.83
106.2,-37.83
106.2,-37.72
106.25,-37.72
106.25,-37.37
106.3,-37.37
106.3,-37.51
106.35,-37.51
106.35,-37.62
106.4,-37.62
106.4,-37.22
106.45,-37.22
106.45,-37.1
106.5,-37.1
106.5,-37.43
106.55,-37.43
106.55,-37.51
106.6,-37.51
106.6,-37.59
106.65,-37.59
106.65,-37.44
106.7,-37.44
106.7,-37.45
106.75,-37.45
106.75,-38.39
106.8,-38.39
106.8,-38.37
106.85,-38.37
106.85,-37.34
106.9,-37.34
106.9,-37.32
106.95,-37.32
106.95,-37.09
107,-37.09
107,-37.43
107.05,-37.43
107.05,-37.27
107.1,-37.27
107.1,-37.07
107.15,-37.07
107.15,-36.6
107.2,-36.6
107.2,-36.74
107.25,-36.74
107.25,-39.09
107.3,-39.09
107.3,-39.94
107.35,-39.94
107.35,-38.69
107.4,-38.69
107.4,-37.43
107.45,-37.43
107.45,-37.43
107.5,-37.43
107.5,-37.49
107.55,-37.49
107.55,-37.67
107.6,-37.67
107.6,-37.51
107.65,-37.51
107.65,-37.22
107.7,-37.22
107.7,-37.48
107.75,-37.48
107.75,-37.55
107.8,-37.55
107.8,-37.82
107.85,-37.82
107.85,-37.69
107.9,-37.69
107.9,-37.42
107.95,-37.42
107.95,-37.78
108,-37.78
108,-37.42
108.05,-37.42
108.05,-37.46
108.1,-37.46
108.1,-37.65
108.15,-37.65
108.15,-37.29
108.2,-37.29
108.2,-37.06
108.25,-37.06
108.25,-37.3
108.3,-37.3
108.3,-37.29
108.35,-37.29
108.35,-37.27
108.4,-37.27
108.4,-36.75
108.45,-36.75
108.45,-36.71
108.5,-36.71
108.5,-36.67
108.55,-36.67
108.55,-36.42
108.6,-36.42
108.6,-36.53
108.65,-36.53
108.65,-37.69
108.7,-37.69
108.7,-39.55
108.75,-39.55
108.75,-40.56
108.8,-40.56
108.8,-41.27
108.85,-41.27
108.85,-41.02
108.9,-41.02
108.9,-40.49
108.95,-40.49
108.95,-40.79
109,-40.79
109,-40.95
109.05,-40.95
109.05,-41.15
109.1,-41.15
109.1,-40.84
109.15,-40.84
109.15,-40.68
109.2,-40.68
109.2,-40.49
109.25,-40.49
109.25,-41.13
109.3,-41.13
109.3,-41.22
109.35,-41.22
109.35,-41.26
109.4,-41.26
109.4,-41.1
109.45,-41.1
109.45,-40.97
109.5,-40.97
109.5,-40.72
109.55,-40.72
109.55,-40.81
109.6,-40.81
109.6,-40.91
109.65,-40.91
109.65,-41.23
109.7,-41.23
109.7,-41.5
109.75,-41.5
109.75,-41.69
109.8,-41.69
109.8,-41.41
109.85,-41.41
109.85,-41.38
109.9,-41.38
109.9,-41.33
109.95,-41.33
109.95,-41.27
110,-41.27
110,-41.26
110.05,-41.26
110.05,-41.38
110.1,-41.38
110.1,-41.11
110.15,-41.11
110.15,-40.81
110.2,-40.81
110.2,-41.25
110.25,-41.25
110.25,-41.29
110.3,-41.29
110.3,-41.28
110.35,-41.28
110.35,-41.4
110.4,-41.4
110.4,-41.46
110.45,-41.46
110.45,-41.89
110.5,-41.89
110.5,-41.79
110.55,-41.79
110.55,-41.53
110.6,-41.53
110.6,-41.51
110.65,-41.51
110.65,-41.51
110.7,-41.51
110.7,-41.18
110.75,-41.18
110.75,-41.19
110.8,-41.19
110.8,-41.24
110.85,-41.24
110.85,-40.76
110.9,-40.76
110.9,-40
110.95,-40
110.95,-39.02
111,-39.02
111,-38.2
111.05,-38.2
111.05,-38.31
111.1,-38.31
111.1,-38.24
111.15,-38.24
111.15,-38.38
111.2,-38.38
111.2,-39.61
111.25,-39.61
111.25,-39.59
111.3,-39.59
111.3,-39.79
111.35,-39.79
111.35,-39.79
111.4,-39.79
111.4,-39.47
111.45,-39.47
111.45,-39.9
111.5,-39.9
111.5,-39.91
111.55,-39.91
111.55,-39.49
111.6,-39.49
111.6,-39.12
111.65,-39.12
111.65,-38.98
111.7,-38.98
111.7,-38.69
111.75,-38.69
111.75,-38.27
111.8,-38.27
111.8,-38.8
111.85,-38.8
111.85,-39.02
111.9,-39.02
111.9,-38.83
111.95,-38.83
111.95,-38.98
112,-38.98
112,-39.01
112.05,-39.01
112.05,-38.85
112.1,-38.85
112.1,-38.41
112.15,-38.41
112.15,-37.73
112.2,-37.73
112.2,-37.9
112.25,-37.9
112.25,-38.27
112.3,-38.27
112.3,-37.91
112.35,-37.91
112.35,-37.8
112.4,-37.8
112.4,-37.91
112.45,-37.91
112.45,-37.86
112.5,-37.86
112.5,-38.13
112.55,-38.13
112.55,-37.74
112.6,-37.74
112.6,-37.62
112.65,-37.62
112.65,-37.32
112.7,-37.32
112.7,-37.41
112.75,-37.41
112.75,-37.29
112.8,-37.29
112.8,-37.4
112.85,-37.4
112.85,-37.26
112.9,-37.26
112.9,-37.28
112.95,-37.28
112.95,-37.35
113,-37.35
113,-37.37
113.05,-37.37
113.05,-37.5
113.1,-37.5
113.1,-37.73
113.15,-37.73
113.15,-37.14
113.2,-37.14
113.2,-36.98
113.25,-36.98
113.25,-37.07
113.3,-37.07
113.3,-37.2
113.35,-37.2
113.35,-37.33
113.4,-37.33
113.4,-37.2
113.45,-37.2
113.45,-37.05
113.5,-37.05
113.5,-37.75
113.55,-37.75
113.55,-37.92
113.6,-37.92
113.6,-37.52
113.65,-37.52
113.65,-37.62
113.7,-37.62
113.7,-37.22
113.75,-37.22
113.75,-37.27
113.8,-37.27
113.8,-37.07
113.85,-37.07
113.85,-37.36
113.9,-37.36
113.9,-37.02
113.95,-37.02
113.95,-37.29
114,-37.29
114,-37.31
114.05,-37.31
114.05,-36.81
114.1,-36.81
114.1,-37.46
114.15,-37.46
114.15,-37.53
114.2,-37.53
114.2,-37.18
114.25,-37.18
114.25,-37.07
114.3,-37.07
114.3,-37.28
114.35,-37.28
114.35,-37.33
114.4,-37.33
114.4,-37.25
114.45,-37.25
114.45,-37.03
114.5,-37.03
114.5,-37.29
114.55,-37.29
114.55,-37.13
114.6,-37.13
114.6,-37.2
114.65,-37.2
114.65,-37.25
114.7,-37.25
114.7,-37.24
114.75,-37.24
114.75,-37.02
114.8,-37.02
114.8,-37.07
114.85,-37.07
114.85,-37.24
114.9,-37.24
114.9,-36.95
114.95,-36.95
114.95,-37.01
115,-37.01
115,-37.34
115.05,-37.34
115.05,-37.39
115.1,-37.39
115.1,-37.18
115.15,-37.18
115.15,-37.05
115.2,-37.05
115.2,-37.17
115.25,-37.17
115.25,-37.12
115.3,-37.12
115.3,-36.99
115.35,-36.99
115.35,-36.73
115.4,-36.73
115.4,-36.97
115.45,-36.97
115.45,-37.54
115.5,-37.54
115.5,-37.99
115.55,-37.99
115.55,-38.46
115.6,-38.46
115.6,-38.8
115.65,-38.8
115.65,-38.49
115.7,-38.49
115.7,-38.01
115.75,-38.01
115.75,-38.62
115.8,-38.62
115.8,-38.51
115.85,-38.51
115.85,-38.56
115.9,-38.56
115.9,-38.61
115.95,-38.61
115.95,-38.3
116,-38.3
116,-38.41
116.05,-38.41
116.05,-38.74
116.1,-38.74
116.1,-38.58
116.15,-38.58
116.15,-38.56
116.2,-38.56
116.2,-38.63
116.25,-38.63
116.25,-38.52
116.3,-38.52
116.3,-38.13
116.35,-38.13
116.35,-38.09
116.4,-38.09
116.4,-38.45
116.45,-38.45
116.45,-38.37
116.5,-38.37
116.5,-38.33
116.55,-38.33
116.55,-38.42
116.6,-38.42
116.6,-37.86
116.65,-37.86
116.65,-38.03
116.7,-38.03
116.7,-38.48
116.75,-38.48
116.75,-38.14
116.8,-38.14
116.8,-37.97
116.85,-37.97
116.85,-38.11
116.9,-38.11
116.9,-38.4
116.95,-38.4
116.95,-38.39
117,-38.39
117,-38.26
117.05,-38.26
117.05,-38.11
117.1,-38.11
117.1,-38.05
117.15,-38.05
117.15,-38.07
117.2,-38.07
117.2,-38.03
117.25,-38.03
117.25,-37.9
117.3,-37.9
117.3,-38.01
117.35,-38.01
117.35,-38
117.4,-38
117.4,-38.16
117.45,-38.16
117.45,-38.21
117.5,-38.21
117.5,-38.15
117.55,-38.15
117.55,-38
117.6,-38
117.6,-37.74
117.65,-37.74
117.65,-37.35
117.7,-37.35
117.7,-37.72
117.75,-37.72
117.75,-37.81
117.8,-37.81
117.8,-37.69
117.85,-37.69
117.85,-37.67
117.9,-37.67
117.9,-37.39
117.95,-37.39
117.95,-37.27
118,-37.27
118,-37.42
118.05,-37.42
118.05,-37.52
118.1,-37.52
118.1,-37.7
118.15,-37.7
118.15,-37.63
118.2,-37.63
118.2,-37.75
118.25,-37.75
118.25,-37.88
118.3,-37.88
118.3,-37.88
118.35,-37.88
118.35,-37.78
118.4,-37.78
118.4,-37.68
118.45,-37.68
118.45,-37.59
118.5,-37.59
118.5,-37.32
118.55,-37.32
118.55,-36.92
118.6,-36.92
118.6,-37.26
118.65,-37.26
118.65,-37.17
118.7,-37.17
118.7,-37.48
118.75,-37.48
118.75,-37.31
118.8,-37.31
118.8,-37.12
118.85,-37.12
118.85,-37.3
118.9,-37.3
118.9,-37.51
118.95,-37.51
118.95,-37.2
119,-37.2
119,-36.7
119.05,-36.7
119.05,-36.82
119.1,-36.82
119.1,-36.99
119.15,-36.99
119.15,-36.98
119.2,-36.98
119.2,-36.95
119.25,-36.95
119.25,-36.35
119.3,-36.35
119.3,-36.68
119.35,-36.68
119.35,-36.69
119.4,-36.69
119.4,-35.85
119.45,-35.85
119.45,-35.8
119.5,-35.8
119.5,-35.7
119.55,-35.7
119.55,-35.6
119.6,-35.6
119.6,-35.65
119.65,-35.65
119.65,-35.45
119.7,-35.45
119.7,-35.49
119.75,-35.49
119.75,-35.35
119.8,-35.35
119.8,-34.88
119.85,-34.88
119.85,-34.68
119.9,-34.68
119.9,-34.93
119.95,-34.93
119.95,-35.01
120,-35.01
120,-34.74
120.05,-34.74
120.05,-34.81
120.1,-34.81
120.1,-34.72
120.15,-34.72
120.15,-34.52
120.2,-34.52
120.2,-34.41
120.25,-34.41
120.25,-34.32
120.3,-34.32
120.3,-34.61
120.35,-34.61
120.35,-34.48
120.4,-34.48
120.4,-34.29
120.45,-34.29
120.45,-34.35
120.5,-34.35
120.5,-34.32
120.55,-34.32
120.55,-34.2
120.6,-34.2
120.6,-34.18
120.65,-34.18
120.65,-34.03
120.7,-34.03
120.7,-33.95
120.75,-33.95
120.75,-33.81
120.8,-33.81
120.8,-33.54
120.85,-33.54
120.85,-33.66
120.9,-33.66
120.9,-33.67
120.95,-33.67
120.95,-33.39
121,-33.39
121,-33.35
121.05,-33.35
121.05,-33.34
121.1,-33.34
121.1,-33.32
121.15,-33.32
121.15,-33.14
121.2,-33.14
121.2,-32.79
121.25,-32.79
121.25,-32.85
121.3,-32.85
121.3,-32.67
121.35,-32.67
121.35,-32.7
121.4,-32.7
121.4,-32.6
121.45,-32.6
121.45,-32.69
121.5,-32.69
121.5,-32.89
121.55,-32.89
121.55,-32.64
121.6,-32.64
121.6,-32.39
121.65,-32.39
121.65,-32.43
121.7,-32.43
121.7,-32.33
121.75,-32.33
121.75,-32.46
121.8,-32.46
121.8,-32.45
121.85,-32.45
121.85,-32.35
121.9,-32.35
121.9,-32.39
121.95,-32.39
121.95,-32.37
122,-32.37
122,-32.34
122.05,-32.34
122.05,-32.26
122.1,-32.26
122.1,-32.27
122.15,-32.27
122.15,-32.15
122.2,-32.15
122.2,-32.32
122.25,-32.32
122.25,-32.34
122.3,-32.34
122.3,-32.33
122.35,-32.33
122.35,-32.3
122.4,-32.3
122.4,-32.33
122.45,-32.33
122.45,-32.36
122.5,-32.36
122.5,-32.49
122.55,-32.49
122.55,-32.59
122.6,-32.59
122.6,-32.58
122.65,-32.58
122.65,-32.64
122.7,-32.64
122.7,-32.64
122.75,-32.64
122.75,-32.49
122.8,-32.49
122.8,-32.47
122.85,-32.47
122.85,-32.68
122.9,-32.68
122.9,-32.62
122.95,-32.62
